Subdoligranulum_0	0.00200000000000000004
Leeuwenhoekiella_0	0.84599999999999997424
Caminibacter_0	0.85999999999999998668
Oribacterium_1	0.85799999999999998490
Oribacterium_0	0.82599999999999995648
Oribacterium_2	0.83599999999999996536
Ruminiclostridium_2	0.85999999999999998668
Morganella_0	0.14799999999999999267
Leifsonia_0	0.00100000000000000002
Neisseria_3	0.86799999999999999378
Neisseria_2	0.98299999999999998490
Neisseria_1	0.00000000000000000000
Neisseria_0	0.85499999999999998224
Neisseria_7	0.92600000000000004530
Neisseria_6	0.81599999999999994760
Neisseria_5	0.89100000000000001421
Neisseria_4	0.97599999999999997868
Neisseria_9	0.84799999999999997602
Neisseria_8	0.00500000000000000010
Bordetella_5	0.11400000000000000411
Bordetella_4	0.71399999999999996803
Bordetella_3	0.85899999999999998579
Bordetella_2	0.01499999999999999944
Bordetella_1	0.83099999999999996092
Bordetella_0	0.01099999999999999936
Psychrobacter_1	0.00000000000000000000
Psychrobacter_0	0.00000000000000000000
Psychrobacter_2	0.00000000000000000000
Staphylococcus_1	0.60999999999999998668
Brachybacterium_0	0.70699999999999996181
Staphylococcus_3	0.83099999999999996092
Staphylococcus_2	0.71799999999999997158
Staphylococcus_5	0.00300000000000000006
Staphylococcus_4	0.00000000000000000000
Staphylococcus_7	0.85199999999999997957
Staphylococcus_6	0.72099999999999997424
Staphylococcus_9	0.02100000000000000130
Staphylococcus_8	0.84499999999999997335
Dechloromonas_0	0.81399999999999994582
Comamonas_0	0.85599999999999998312
Comamonas_1	0.84199999999999997069
Staphylococcus_28	0.01200000000000000025
Staphylococcus_29	0.00000000000000000000
Staphylococcus_20	0.01200000000000000025
Staphylococcus_21	0.08799999999999999489
Staphylococcus_22	0.82499999999999995559
Staphylococcus_23	0.85599999999999998312
Staphylococcus_24	0.83999999999999996891
Staphylococcus_25	0.86199999999999998845
Staphylococcus_26	0.00100000000000000002
Staphylococcus_27	0.70699999999999996181
Lactobacillus_18	0.99899999999999999911
Lactobacillus_19	0.86599999999999999201
Lactobacillus_14	0.86699999999999999289
Lactobacillus_15	0.35499999999999998224
Lactobacillus_16	0.82599999999999995648
Lactobacillus_17	0.97999999999999998224
Lactobacillus_10	0.00000000000000000000
Scardovia_0	0.78200000000000002842
Lactobacillus_12	0.98899999999999999023
Lactobacillus_13	0.92100000000000004086
Fusobacterium_7	0.00000000000000000000
Fusobacterium_6	0.00000000000000000000
Fusobacterium_5	0.85699999999999998401
Fusobacterium_4	0.00000000000000000000
Fusobacterium_3	0.96999999999999997335
Fusobacterium_2	0.85999999999999998668
Fusobacterium_1	0.73299999999999998490
Fusobacterium_0	0.04499999999999999833
Fusobacterium_9	0.00000000000000000000
Fusobacterium_8	0.87399999999999999911
unclassified_Melainabacteria_0	0.72099999999999997424
Paeniclostridium_0	0.93400000000000005240
Tannerella_1	0.00000000000000000000
Tannerella_0	0.98699999999999998845
Trueperella_0	0.58399999999999996358
Phascolarctobacterium_0	0.50600000000000000533
Porphyromonas_2	0.99399999999999999467
Yersinia_14	0.75600000000000000533
Yersinia_13	0.01099999999999999936
Yersinia_12	0.59299999999999997158
Yersinia_11	0.01000000000000000021
Yersinia_10	0.73499999999999998668
Oligotropha_0	0.00000000000000000000
Pedobacter_0	0.68799999999999994493
Porphyromonas_4	0.98799999999999998934
Helicobacter_8	0.91100000000000003197
Helicobacter_9	0.41999999999999998446
Helicobacter_2	0.85199999999999997957
Helicobacter_3	0.82399999999999995470
Helicobacter_0	0.42099999999999998535
Helicobacter_1	0.00400000000000000008
Helicobacter_6	0.01099999999999999936
Helicobacter_7	0.81399999999999994582
Helicobacter_4	0.84499999999999997335
Helicobacter_5	0.00000000000000000000
Aliivibrio_0	0.83499999999999996447
Microbacterium_2	0.57899999999999995914
Microbacterium_1	0.02199999999999999872
Microbacterium_0	0.40899999999999997469
Lachnospira_0	0.00400000000000000008
Butyricicoccus_0	0.01099999999999999936
Paracoccus_0	0.59799999999999997602
Barnesiella_0	0.39500000000000001776
Heliobacterium_0	0.00000000000000000000
Bacillus_18	0.00500000000000000010
Bacillus_19	0.72299999999999997602
Bacillus_16	0.54300000000000003819
Bacillus_17	0.00000000000000000000
Bacillus_14	0.00000000000000000000
Bacillus_15	0.70099999999999995648
Bacillus_12	0.61099999999999998757
Bacillus_13	0.01299999999999999940
Bacillus_10	0.00000000000000000000
Bacillus_11	0.59699999999999997513
Methyloversatilis_0	0.01000000000000000021
Methyloversatilis_1	0.82399999999999995470
Pseudarthrobacter_0	0.75500000000000000444
Staphylococcus_46	0.07299999999999999545
Staphylococcus_47	0.00600000000000000012
Haemophilus_3	0.14299999999999998823
Lactobacillus_8	0.84199999999999997069
Lactobacillus_9	0.97599999999999997868
Lactobacillus_2	1.00000000000000000000
Lactobacillus_3	0.97599999999999997868
Lactobacillus_0	0.84699999999999997513
Lactobacillus_1	0.98499999999999998668
Lactobacillus_6	0.97399999999999997691
Lactobacillus_7	0.00000000000000000000
Lactobacillus_4	0.98799999999999998934
Lactobacillus_5	0.00000000000000000000
Staphylococcus_40	0.84499999999999997335
Haemophilus_6	0.80300000000000004707
Bartonella_1	0.90400000000000002576
Bartonella_0	0.68999999999999994671
Enterococcus_8	0.03500000000000000333
Enterococcus_9	0.98399999999999998579
Enterococcus_2	0.84799999999999997602
Enterococcus_3	0.00000000000000000000
Enterococcus_0	0.00000000000000000000
Enterococcus_1	0.99799999999999999822
Enterococcus_6	0.00000000000000000000
Enterococcus_7	0.00000000000000000000
Enterococcus_4	0.85399999999999998135
Enterococcus_5	0.00000000000000000000
Holdemania_1	0.99599999999999999645
Holdemania_0	0.86899999999999999467
Stigmatella_0	0.01400000000000000029
Cloacibacillus_0	0.06700000000000000400
Cupriavidus_1	0.85299999999999998046
Cupriavidus_0	0.00300000000000000006
Nitrososphaera_0	0.98099999999999998312
Anaerococcus_4	0.86699999999999999289
Anaerococcus_1	0.97999999999999998224
Anaerococcus_0	0.09700000000000000289
Anaerococcus_3	0.00000000000000000000
Anaerococcus_2	0.97699999999999997957
Shigella_0	0.42999999999999999334
Shigella_1	0.43199999999999999512
Shigella_2	0.41299999999999997824
Thermobifida_0	0.00600000000000000012
Staphylococcus_58	0.84999999999999997780
Staphylococcus_55	0.01000000000000000021
Staphylococcus_54	0.82399999999999995470
Staphylococcus_57	0.84499999999999997335
Staphylococcus_56	0.85599999999999998312
Staphylococcus_51	0.84899999999999997691
Staphylococcus_50	0.84699999999999997513
Staphylococcus_53	0.01200000000000000025
Staphylococcus_52	0.00500000000000000010
Blautia_8	0.02199999999999999872
Blautia_9	0.00500000000000000010
Blautia_6	0.00200000000000000004
Blautia_7	0.72399999999999997691
Blautia_4	0.00000000000000000000
Blautia_5	0.52600000000000002309
Blautia_2	0.82399999999999995470
Blautia_3	0.70999999999999996447
Blautia_0	0.71099999999999996536
Blautia_1	0.69499999999999995115
Turicibacter_0	0.83699999999999996625
Acetoanaerobium_0	0.53500000000000003109
Sulfurospirillum_0	0.98899999999999999023
Novosphingobium_0	0.00000000000000000000
Escherichia_41	0.52800000000000002487
Escherichia_40	0.00200000000000000004
Nitrosomonas_1	0.01899999999999999953
Clostridium_45	0.84799999999999997602
Proteus_0	0.72299999999999997602
Proteus_1	0.03200000000000000067
Mannheimia_0	0.00300000000000000006
Alkaliphilus_0	0.74899999999999999911
Alkaliphilus_1	0.00000000000000000000
Streptomyces_1	0.83999999999999996891
Peptoniphilus_5	0.97699999999999997957
Caldicellulosiruptor_0	0.96999999999999997335
Dethiosulfovibrio_0	0.71299999999999996714
Beggiatoa_0	0.88000000000000000444
Robiginitalea_0	0.35199999999999997957
Veillonella_1	0.01099999999999999936
Veillonella_0	0.16900000000000001132
Veillonella_3	0.73799999999999998934
Veillonella_2	0.12500000000000000000
Veillonella_5	0.00000000000000000000
Veillonella_4	0.11000000000000000056
Veillonella_7	0.07599999999999999811
Veillonella_6	0.06600000000000000311
Roseiflexus_0	0.24799999999999999822
Mesoplasma_0	0.00000000000000000000
Corynebacterium_8	0.08000000000000000167
Zymomonas_0	0.68200000000000005063
Escherichia_8	0.00400000000000000008
Escherichia_9	0.81200000000000005507
Escherichia_2	0.50600000000000000533
Escherichia_3	0.03799999999999999906
Escherichia_0	0.05999999999999999778
Escherichia_1	0.00200000000000000004
Escherichia_6	0.50500000000000000444
Escherichia_7	0.05899999999999999689
Escherichia_4	0.71699999999999997069
Escherichia_5	0.41899999999999998357
Gemmata_0	0.79800000000000004263
Bacillus_7	0.00000000000000000000
Janthinobacterium_0	0.85099999999999997868
Delftia_0	0.00500000000000000010
Shewanella_0	0.00100000000000000002
Porphyromonas_3	0.99199999999999999289
Brachybacterium_1	0.03699999999999999817
Porphyromonas_1	0.60299999999999998046
Porphyromonas_0	0.98799999999999998934
Porphyromonas_6	0.99099999999999999201
Porphyromonas_5	0.99699999999999999734
Staphylococcus_0	0.57099999999999995204
Listeria_0	0.01099999999999999936
Peptoanaerobacter_0	0.53700000000000003286
Haemophilus_8	0.33000000000000001554
Propionibacterium_0	0.00000000000000000000
Staphylococcus_48	0.00200000000000000004
Staphylococcus_49	0.67700000000000004619
Haemophilus_1	0.01200000000000000025
Haemophilus_0	0.70199999999999995737
Staphylococcus_44	0.00000000000000000000
Haemophilus_2	0.00000000000000000000
Haemophilus_5	0.16100000000000000422
Staphylococcus_43	0.84699999999999997513
Haemophilus_7	0.85199999999999997957
Staphylococcus_41	0.00400000000000000008
Roseomonas_0	0.62900000000000000355
Lactobacillus_32	0.28599999999999997646
Lactobacillus_33	0.97699999999999997957
Lactobacillus_30	0.97299999999999997602
Lactobacillus_31	0.00000000000000000000
Lactobacillus_36	0.01000000000000000021
Lactobacillus_37	0.99299999999999999378
Lactobacillus_34	0.95099999999999995648
Lactobacillus_35	0.97899999999999998135
Thiobacillus_0	0.86299999999999998934
Clostridium_44	0.98199999999999998401
Nitrosomonas_0	0.00000000000000000000
Clostridium_42	0.02299999999999999961
Clostridium_43	0.85399999999999998135
Clostridium_40	0.00000000000000000000
Clostridium_41	0.00000000000000000000
Blastococcus_0	0.74599999999999999645
Centipeda_0	0.00000000000000000000
Enhydrobacter_0	0.01799999999999999864
Nakamurella_0	0.00000000000000000000
Cedecea_0	0.13500000000000000888
Nevskia_0	0.00000000000000000000
Jonquetella_0	0.00000000000000000000
Atopobium_2	0.99199999999999999289
Atopobium_3	0.99699999999999999734
Atopobium_0	0.98399999999999998579
Atopobium_1	0.00000000000000000000
Pectobacterium_0	0.00899999999999999932
Neisseria_17	0.05999999999999999778
Neisseria_16	0.97499999999999997780
Neisseria_15	0.85199999999999997957
Neisseria_14	0.84499999999999997335
Neisseria_13	0.97699999999999997957
Neisseria_12	0.84099999999999996980
Neisseria_11	0.00300000000000000006
Neisseria_10	0.83699999999999996625
Neisseria_18	0.97399999999999997691
Rhodothermus_0	0.91600000000000003642
Selenomonas_2	0.09199999999999999845
Selenomonas_3	0.07599999999999999811
Selenomonas_0	0.00300000000000000006
Selenomonas_1	0.86999999999999999556
Selenomonas_4	0.01499999999999999944
Selenomonas_5	0.09700000000000000289
Yokenella_0	0.02500000000000000139
Cryptobacterium_0	0.71699999999999997069
Anaerofustis_0	0.00000000000000000000
Butyrivibrio_1	0.07299999999999999545
Butyrivibrio_0	0.94099999999999994760
unclassified_Erysipelotrichaceae_3	0.03200000000000000067
unclassified_Erysipelotrichaceae_2	0.00000000000000000000
unclassified_Erysipelotrichaceae_1	0.00300000000000000006
unclassified_Erysipelotrichaceae_0	0.72399999999999997691
Clostridium_14	0.00899999999999999932
Clostridium_9	0.82799999999999995826
Clostridium_8	0.99399999999999999467
Clostridium_1	0.97299999999999997602
Clostridium_0	0.86099999999999998757
Clostridium_3	0.00300000000000000006
Clostridium_2	0.00000000000000000000
Clostridium_5	0.00000000000000000000
Clostridium_4	0.05899999999999999689
Clostridium_7	0.00100000000000000002
Clostridium_6	0.83799999999999996714
Clostridium_19	0.74099999999999999201
Clostridium_18	0.01099999999999999936
Acidobacterium_0	0.84699999999999997513
Herminiimonas_0	0.00000000000000000000
Streptococcus_19	0.00000000000000000000
Streptococcus_18	0.85399999999999998135
Streptococcus_13	0.59399999999999997247
Streptococcus_12	0.61099999999999998757
Streptococcus_11	0.02900000000000000147
Streptococcus_10	0.70299999999999995826
Streptococcus_17	0.95899999999999996358
Streptococcus_16	0.00100000000000000002
Streptococcus_15	0.01700000000000000122
Streptococcus_14	0.96099999999999996536
Pseudomonas_18	0.00100000000000000002
Pseudomonas_19	0.00500000000000000010
Pseudomonas_16	0.02500000000000000139
Pseudomonas_17	0.00200000000000000004
Pseudomonas_14	0.85999999999999998668
Pseudomonas_15	0.00000000000000000000
Pseudomonas_12	0.01799999999999999864
Pseudomonas_13	0.63200000000000000622
Pseudomonas_10	0.69599999999999995204
Pseudomonas_11	0.00100000000000000002
Afipia_1	0.00000000000000000000
Afipia_0	0.61299999999999998934
Corynebacterium_12	0.69799999999999995381
Corynebacterium_13	0.60099999999999997868
Lachnoclostridium_0	0.60199999999999997957
Lachnoclostridium_1	0.00400000000000000008
Lachnoclostridium_2	0.00100000000000000002
Lachnoclostridium_3	0.00300000000000000006
Lachnoclostridium_4	0.04399999999999999745
Lachnoclostridium_5	0.00200000000000000004
Lachnoclostridium_6	0.23100000000000001088
Lachnoclostridium_7	0.62900000000000000355
Lachnoclostridium_8	0.00000000000000000000
Lachnoclostridium_9	0.59599999999999997424
Methanomassiliicoccus_0	0.68899999999999994582
Corynebacterium_18	0.83599999999999996536
Corynebacterium_19	0.07000000000000000666
Flavonifractor_0	0.96699999999999997069
Lactobacillus_25	0.99599999999999999645
Lactobacillus_24	0.98099999999999998312
Lactobacillus_27	0.00000000000000000000
Lactobacillus_26	1.00000000000000000000
Lactobacillus_21	0.98599999999999998757
Lactobacillus_20	0.25000000000000000000
Lactobacillus_23	0.99899999999999999911
Lactobacillus_22	0.58699999999999996625
Lactobacillus_29	0.84099999999999996980
Lactobacillus_28	0.27900000000000002576
Syntrophothermus_0	0.84099999999999996980
Moorella_0	0.26200000000000001066
Escherichia_42	0.00500000000000000010
Dehalococcoides_0	0.00000000000000000000
Synechococcus_1	0.77100000000000001865
Candidatus_Carsonella_0	0.00000000000000000000
Leptotrichia_2	0.85999999999999998668
Leptotrichia_1	0.00000000000000000000
Leptotrichia_0	0.72399999999999997691
Lactobacillus_11	0.00500000000000000010
Faecalicoccus_0	0.00600000000000000012
Streptobacillus_0	0.00000000000000000000
Prevotella_42	0.99299999999999999378
Prevotella_40	0.99799999999999999822
Prevotella_41	0.05500000000000000028
Desulfitobacterium_0	0.11000000000000000056
Desulfitobacterium_1	0.00000000000000000000
Moraxella_0	0.29999999999999998890
Solobacterium_1	0.85899999999999998579
Solobacterium_0	0.99499999999999999556
Providencia_0	0.58899999999999996803
Providencia_1	0.59199999999999997069
Providencia_2	0.00000000000000000000
Providencia_3	0.00600000000000000012
Pseudomonas_8	0.00500000000000000010
Pseudomonas_9	0.00400000000000000008
Brevibacillus_3	0.22000000000000000111
Brevibacillus_2	0.52800000000000002487
Brevibacillus_1	0.00100000000000000002
Pseudomonas_7	0.68899999999999994582
Enterococcus_43	0.87800000000000000266
Pseudomonas_1	0.84799999999999997602
Enterococcus_41	0.00000000000000000000
Enterococcus_40	0.00000000000000000000
Oceanobacillus_0	0.00300000000000000006
Parvimonas_0	0.96299999999999996714
Brevundimonas_1	0.41199999999999997735
Salmonella_12	0.00500000000000000010
Leuconostoc_4	0.40500000000000002665
Hungatella_0	0.57699999999999995737
Hungatella_1	0.17799999999999999156
Hungatella_2	0.59699999999999997513
Leuconostoc_1	0.38600000000000000977
Rhodopseudomonas_1	0.00000000000000000000
Rhodopseudomonas_0	0.85299999999999998046
Rhodopseudomonas_3	0.00000000000000000000
Rhodopseudomonas_2	0.31099999999999999867
Rhodopseudomonas_5	0.86399999999999999023
Rhodopseudomonas_4	0.83499999999999996447
Candidatus_Desulforudis_0	0.00000000000000000000
Histophilus_0	0.01000000000000000021
Streptococcus_28	0.00000000000000000000
Streptococcus_29	0.84599999999999997424
Thiomonas_0	0.00000000000000000000
Streptococcus_27	0.70899999999999996358
Streptococcus_24	0.82899999999999995914
Streptococcus_25	0.85599999999999998312
Streptococcus_22	0.91100000000000003197
Streptococcus_23	0.85799999999999998490
Streptococcus_20	0.85999999999999998668
Streptococcus_21	0.84399999999999997247
Chania_0	0.05800000000000000294
Cellulomonas_0	0.68999999999999994671
Achromobacter_0	0.00400000000000000008
Erysipelatoclostridium_3	0.04399999999999999745
Erysipelatoclostridium_2	0.00200000000000000004
Erysipelatoclostridium_1	0.86199999999999998845
Erysipelatoclostridium_0	0.71499999999999996891
Erysipelatoclostridium_4	0.03300000000000000155
Actinosynnema_0	0.00000000000000000000
Kocuria_0	0.68700000000000005507
Kocuria_1	0.71399999999999996803
Pseudobutyrivibrio_0	0.60799999999999998490
Pediococcus_2	0.99299999999999999378
Ruminiclostridium_3	0.00000000000000000000
Leminorella_0	0.00600000000000000012
Bacteroides_49	0.00100000000000000002
Bacteroides_46	0.06300000000000000044
Bacteroides_47	0.83799999999999996714
Bacteroides_44	0.10000000000000000555
Bacteroides_45	0.81599999999999994760
Bacteroides_42	0.00200000000000000004
Bacteroides_43	0.00100000000000000002
Bacteroides_40	0.00000000000000000000
Bacteroides_41	0.01299999999999999940
Edwardsiella_0	0.71099999999999996536
Edwardsiella_1	0.61799999999999999378
Edwardsiella_2	0.72899999999999998135
Edwardsiella_3	0.00000000000000000000
Enterococcus_45	0.00000000000000000000
Cardiobacterium_0	0.87199999999999999734
Thermosinus_0	0.83299999999999996270
Burkholderia_1	0.00000000000000000000
Bacillus_44	0.00000000000000000000
Burkholderia_3	0.67200000000000004174
Bacillus_46	0.00700000000000000015
Burkholderia_4	0.02900000000000000147
unclassified_Erysipelotrichaceae_4	0.00000000000000000000
Ruminococcus_11	0.99799999999999999822
Ruminococcus_10	0.02100000000000000130
Brachyspira_2	0.00100000000000000002
Capnocytophaga_3	0.39600000000000001865
Capnocytophaga_0	0.97799999999999998046
Capnocytophaga_1	0.99199999999999999289
Photobacterium_0	0.00000000000000000000
Odoribacter_0	0.10299999999999999434
Odoribacter_1	0.66900000000000003908
Alistipes_4	0.72999999999999998224
Alistipes_0	0.99799999999999999822
Alistipes_1	0.01700000000000000122
Alistipes_2	0.47599999999999997868
Alistipes_3	0.00600000000000000012
Terrisporobacter_0	0.55400000000000004796
Candidatus_Phytoplasma_0	0.84999999999999997780
Candidatus_Phytoplasma_1	0.87299999999999999822
Pseudomonas_30	0.70299999999999995826
Pseudogulbenkiania_0	0.87299999999999999822
Paraclostridium_0	0.98299999999999998490
Pantoea_0	0.01700000000000000122
Streptococcus_31	0.01099999999999999936
Streptococcus_30	0.81999999999999995115
Streptococcus_33	0.10699999999999999789
Streptococcus_32	0.12299999999999999822
Streptococcus_35	0.85099999999999997868
Streptococcus_34	0.04700000000000000011
Streptococcus_37	0.84999999999999997780
Streptococcus_36	0.84299999999999997158
Streptococcus_39	0.00600000000000000012
Streptococcus_38	0.83499999999999996447
Acidaminococcus_2	0.00700000000000000015
Acidaminococcus_1	0.92600000000000004530
Acidaminococcus_0	0.84499999999999997335
Prevotella_9	0.00000000000000000000
Ralstonia_3	0.04800000000000000100
Ralstonia_2	0.00300000000000000006
Ralstonia_1	0.48499999999999998668
Ralstonia_0	0.84299999999999997158
Ralstonia_6	0.86799999999999999378
Ralstonia_5	0.00700000000000000015
Ralstonia_4	0.68700000000000005507
Saccharopolyspora_0	0.82999999999999996003
Synergistes_0	0.00200000000000000004
Blattabacterium_0	0.86999999999999999556
Ochrobactrum_0	0.00800000000000000017
Carnobacterium_0	0.84499999999999997335
Prevotella_1	0.99799999999999999822
Prevotella_0	0.97699999999999997957
Dokdonia_0	0.00500000000000000010
Bacteroides_59	0.00000000000000000000
Bacteroides_58	0.84399999999999997247
Bacteroides_55	0.83299999999999996270
Bacteroides_54	0.70499999999999996003
Bacteroides_57	0.01600000000000000033
Bacteroides_56	0.00100000000000000002
Bacteroides_51	0.00000000000000000000
Bacteroides_50	0.82899999999999995914
Bacteroides_53	0.12199999999999999734
Bacteroides_52	0.00500000000000000010
Trabulsiella_0	0.02299999999999999961
Helicobacter_10	0.79800000000000004263
Helicobacter_11	0.08699999999999999400
Helicobacter_12	0.83599999999999996536
Helicobacter_13	0.50100000000000000089
Helicobacter_14	0.90300000000000002487
Helicobacter_15	0.70099999999999995648
Bilophila_0	0.05000000000000000278
Bilophila_1	0.79300000000000003819
Caldanaerobacter_0	0.83999999999999996891
Caldanaerobacter_1	0.20100000000000001199
Xanthomonas_0	0.88500000000000000888
Clostridioides_10	0.00100000000000000002
Anaerobiospirillum_0	0.18900000000000000133
Thermanaerovibrio_0	0.28999999999999998002
Lactobacillus_78	0.98699999999999998845
Acinetobacter_0	0.85399999999999998135
Acinetobacter_1	0.80500000000000004885
Acinetobacter_2	0.01899999999999999953
Acinetobacter_3	0.82399999999999995470
Acinetobacter_4	0.84299999999999997158
Acinetobacter_5	0.16300000000000000600
Acinetobacter_6	0.85499999999999998224
Acinetobacter_7	0.12800000000000000266
Acinetobacter_8	0.02299999999999999961
Acinetobacter_9	0.04800000000000000100
Janibacter_0	0.00000000000000000000
Macrococcus_0	0.00200000000000000004
Eubacterium_44	0.00600000000000000012
Plesiomonas_0	0.60299999999999998046
Eubacterium_41	0.85299999999999998046
Eubacterium_40	0.00400000000000000008
Eubacterium_43	0.86699999999999999289
Eubacterium_42	0.97899999999999998135
Faecalitalea_0	0.85699999999999998401
Megasphaera_0	0.84899999999999997691
Megasphaera_1	0.77900000000000002576
Megasphaera_2	0.10299999999999999434
Acidipropionibacterium_1	0.51000000000000000888
Acidipropionibacterium_0	0.61299999999999998934
Basfia_0	0.84199999999999997069
Aeromonas_4	0.68700000000000005507
Candidatus_Riesia_0	0.85599999999999998312
Dermacoccus_0	0.66800000000000003819
Sphingopyxis_0	0.85299999999999998046
Gramella_0	0.98099999999999998312
Pseudomonas_27	0.00300000000000000006
Pseudomonas_26	0.66700000000000003730
Pseudomonas_25	0.00800000000000000017
Pseudomonas_24	0.97999999999999998224
Pseudomonas_23	0.74099999999999999201
Pseudomonas_22	0.71299999999999996714
Pseudomonas_21	0.72199999999999997513
Pseudomonas_20	0.69999999999999995559
Pseudomonas_29	0.00000000000000000000
Pseudomonas_28	0.86399999999999999023
Collinsella_0	0.98199999999999998401
Collinsella_1	0.85499999999999998224
Collinsella_2	0.97399999999999997691
Collinsella_3	0.08200000000000000344
Pasteurella_0	0.00000000000000000000
Pasteurella_1	0.87800000000000000266
Streptococcus_44	0.01799999999999999864
Streptococcus_45	0.08500000000000000611
Streptococcus_46	0.00000000000000000000
Streptococcus_47	0.00000000000000000000
Streptococcus_40	0.23000000000000000999
Streptococcus_41	0.05000000000000000278
Streptococcus_42	0.00000000000000000000
Streptococcus_43	0.04200000000000000261
Streptococcus_48	0.83399999999999996358
Streptococcus_49	0.97499999999999997780
Aromatoleum_0	0.82499999999999995559
Enterobacter_8	0.53100000000000002753
Enterobacter_1	0.00899999999999999932
Enterobacter_0	0.00300000000000000006
Enterobacter_3	0.49799999999999999822
Enterobacter_2	0.08899999999999999578
Enterobacter_5	0.00700000000000000015
Enterobacter_4	0.73499999999999998668
Enterobacter_7	0.00800000000000000017
Enterobacter_6	0.01600000000000000033
Succinatimonas_0	0.19000000000000000222
Anaerotruncus_0	0.97599999999999997868
Azotobacter_0	0.83599999999999996536
Bacteroides_60	0.71899999999999997247
Pyramidobacter_0	0.99599999999999999645
Pseudopropionibacterium_0	0.00800000000000000017
Eubacterium_0	0.61999999999999999556
Eubacterium_1	0.00400000000000000008
Eubacterium_2	0.84299999999999997158
Eubacterium_3	0.00000000000000000000
Eubacterium_4	0.94299999999999994937
Eubacterium_5	0.82999999999999996003
Eubacterium_6	0.85999999999999998668
Eubacterium_7	0.02400000000000000050
Eubacterium_8	0.00000000000000000000
Eubacterium_9	0.00000000000000000000
Ureibacillus_0	0.24899999999999999911
Pseudoramibacter_0	0.03799999999999999906
Candidatus_Sulcia_2	0.85299999999999998046
Eggerthella_1	0.37299999999999999822
Candidatus_Sulcia_0	0.85099999999999997868
Candidatus_Sulcia_1	0.00000000000000000000
Citromicrobium_0	0.83799999999999996714
Prevotella_11	0.85199999999999997957
Prevotella_10	0.73299999999999998490
Prevotella_13	0.99399999999999999467
Prevotella_12	0.00000000000000000000
Prevotella_15	0.99799999999999999822
Prevotella_14	0.99799999999999999822
Prevotella_17	0.99899999999999999911
Prevotella_16	0.00000000000000000000
Prevotella_19	0.17699999999999999067
Prevotella_18	0.49499999999999999556
Xenorhabdus_0	0.47599999999999997868
Dietzia_0	0.73499999999999998668
Stackebrandtia_0	0.00899999999999999932
Intestinibacter_0	0.85699999999999998401
Alicycliphilus_0	0.00300000000000000006
Tyzzerella_0	0.81599999999999994760
Roseobacter_0	0.85799999999999998490
Ureaplasma_0	0.72899999999999998135
Ureaplasma_1	0.00000000000000000000
Ureaplasma_2	0.61999999999999999556
Ureaplasma_3	0.83399999999999996358
Cellulosimicrobium_0	0.99899999999999999911
Bifidobacterium_28	0.59699999999999997513
Bifidobacterium_29	0.27500000000000002220
Bifidobacterium_22	0.84599999999999997424
Bifidobacterium_23	0.03500000000000000333
Bifidobacterium_20	0.00899999999999999932
Bifidobacterium_21	0.83899999999999996803
Bifidobacterium_27	0.00000000000000000000
Bifidobacterium_25	0.84299999999999997158
Brevibacillus_0	0.00700000000000000015
Methylobacterium_1	0.83099999999999996092
Methylobacterium_0	0.07900000000000000078
Methylobacterium_3	0.01200000000000000025
Methylobacterium_2	0.59799999999999997602
Actinobacillus_2	0.56399999999999994582
Actinobacillus_3	0.84899999999999997691
Actinobacillus_0	0.84599999999999997424
Actinobacillus_1	0.83999999999999996891
Actinobacillus_4	0.16600000000000000866
Actinobacillus_5	0.00000000000000000000
Corynebacterium_23	0.64400000000000001688
Bradyrhizobium_3	0.03799999999999999906
Bradyrhizobium_0	0.86899999999999999467
Corynebacterium_20	0.11500000000000000500
Acinetobacter_10	0.24399999999999999467
Beutenbergia_0	0.85999999999999998668
Borreliella_0	0.60999999999999998668
Streptococcus_57	0.00000000000000000000
Streptococcus_56	0.00800000000000000017
Streptococcus_55	0.00000000000000000000
Streptococcus_54	0.03599999999999999728
Streptococcus_53	0.00000000000000000000
Streptococcus_52	0.84499999999999997335
Streptococcus_51	0.88300000000000000711
Streptococcus_50	0.80800000000000005151
Olsenella_1	0.50000000000000000000
Olsenella_0	0.98499999999999998668
Streptococcus_59	0.00000000000000000000
Streptococcus_58	0.00000000000000000000
Kallipyga_0	0.97499999999999997780
Dictyoglomus_0	0.74299999999999999378
Dictyoglomus_1	0.80400000000000004796
Serratia_2	0.71399999999999996803
Serratia_3	0.00600000000000000012
Serratia_0	0.61799999999999999378
Serratia_1	0.33600000000000002087
Clostridium_11	0.02100000000000000130
Clostridium_10	0.43099999999999999423
Clostridium_13	0.58999999999999996891
Clostridium_12	0.59099999999999996980
Clostridium_15	0.00300000000000000006
Corynebacterium_9	0.05800000000000000294
Clostridium_17	0.93799999999999994493
Clostridium_16	0.79000000000000003553
Corynebacterium_4	0.01799999999999999864
Corynebacterium_5	0.90900000000000003020
Corynebacterium_6	0.06300000000000000044
Corynebacterium_7	0.06700000000000000400
Corynebacterium_0	0.82899999999999995914
Corynebacterium_1	0.04900000000000000189
Corynebacterium_2	0.70199999999999995737
Corynebacterium_3	0.02199999999999999872
Kangiella_0	0.00000000000000000000
Halococcus_0	0.50300000000000000266
Slackia_2	0.99699999999999999734
Slackia_0	1.00000000000000000000
Slackia_1	0.00000000000000000000
Sphingobium_0	0.32100000000000000755
Faecalibacterium_4	0.09700000000000000289
Faecalibacterium_2	0.69499999999999995115
Faecalibacterium_3	0.85199999999999997957
Faecalibacterium_0	0.17399999999999998801
Faecalibacterium_1	0.04200000000000000261
Citrobacter_6	0.51100000000000000977
Citrobacter_7	0.01600000000000000033
Citrobacter_4	0.05600000000000000117
Citrobacter_5	0.96999999999999997335
Citrobacter_2	0.42599999999999998979
Citrobacter_3	0.00300000000000000006
Citrobacter_0	0.02100000000000000130
Citrobacter_1	0.38000000000000000444
Varibaculum_0	0.70499999999999996003
Dorea_2	0.86099999999999998757
Dorea_1	0.05999999999999999778
Dorea_0	0.71399999999999996803
Paenibacillus_4	0.00200000000000000004
Paenibacillus_5	0.00000000000000000000
Paenibacillus_0	0.72999999999999998224
Paenibacillus_1	0.84499999999999997335
Paenibacillus_2	0.83199999999999996181
Paenibacillus_3	0.70599999999999996092
Vibrio_4	0.02999999999999999889
Vibrio_2	0.56599999999999994760
Vibrio_3	0.62800000000000000266
Vibrio_0	0.00000000000000000000
Vibrio_1	0.01799999999999999864
Limnobacter_0	0.00000000000000000000
Ruminococcus_9	0.00100000000000000002
Ruminococcus_8	0.61199999999999998845
Ruminococcus_3	0.17799999999999999156
Ruminococcus_2	0.00000000000000000000
Ruminococcus_1	0.84099999999999996980
Ruminococcus_0	0.65800000000000002931
Ruminococcus_7	0.99299999999999999378
Ruminococcus_6	0.55900000000000005240
Ruminococcus_5	0.58599999999999996536
Ruminococcus_4	0.92800000000000004707
Jonesia_0	0.00000000000000000000
Lactobacillus_52	0.84899999999999997691
Bifidobacterium_39	0.68300000000000005151
Bifidobacterium_38	0.63200000000000000622
Bifidobacterium_31	0.00899999999999999932
Bifidobacterium_30	0.83899999999999996803
Bifidobacterium_33	0.68999999999999994671
Bifidobacterium_32	0.52200000000000001954
Bifidobacterium_35	0.08999999999999999667
Bifidobacterium_34	0.06300000000000000044
Bifidobacterium_37	0.01700000000000000122
Bifidobacterium_36	0.00600000000000000012
Candidatus_Azobacteroides_0	0.83699999999999996625
Salmonella_1	0.00100000000000000002
Salmonella_0	0.88400000000000000799
Salmonella_3	0.44500000000000000666
Salmonella_2	0.00899999999999999932
Salmonella_5	0.97699999999999997957
Salmonella_4	0.95799999999999996270
Salmonella_7	0.41599999999999998090
Salmonella_6	0.94599999999999995204
Xenorhabdus_1	0.84899999999999997691
Salmonella_8	0.85599999999999998312
Lachnoclostridium_12	0.00000000000000000000
Leptolyngbya_0	0.00000000000000000000
Streptococcus_26	0.00200000000000000004
Campylobacter_15	0.55200000000000004619
Acidovorax_4	0.84099999999999996980
Acidovorax_1	0.83199999999999996181
Acidovorax_0	0.00100000000000000002
Acidovorax_3	0.00000000000000000000
Acidovorax_2	0.83099999999999996092
Dichelobacter_0	0.74899999999999999911
Lachnoclostridium_11	0.71399999999999996803
Bacteroides_28	0.02599999999999999881
Campylobacter_11	0.69399999999999995026
Campylobacter_12	0.00100000000000000002
Micrococcus_0	0.11500000000000000500
Micrococcus_1	0.00000000000000000000
Synechococcus_0	0.98699999999999998845
Gemella_3	0.85499999999999998224
Gemella_2	0.97499999999999997780
Gemella_1	0.83399999999999996358
Gemella_0	0.84699999999999997513
Campylobacter_18	0.84699999999999997513
Campylobacter_19	0.73099999999999998312
Parasutterella_0	0.50600000000000000533
Parascardovia_0	0.83999999999999996891
Campylobacter_2	0.56499999999999994671
Campylobacter_3	0.80100000000000004530
Campylobacter_0	0.60199999999999997957
Campylobacter_1	0.61599999999999999201
Campylobacter_6	0.84199999999999997069
Campylobacter_7	0.84899999999999997691
Campylobacter_4	0.54000000000000003553
Campylobacter_5	0.00000000000000000000
Campylobacter_8	0.59999999999999997780
Campylobacter_9	0.00000000000000000000
Lautropia_0	0.28899999999999997913
Lysinibacillus_0	0.73199999999999998401
Lysinibacillus_1	0.00300000000000000006
Streptococcus_68	0.06800000000000000488
Streptococcus_69	0.00000000000000000000
Streptococcus_62	0.00000000000000000000
Streptococcus_63	0.00000000000000000000
Streptococcus_60	0.84699999999999997513
Streptococcus_61	0.86299999999999998934
Streptococcus_66	0.85699999999999998401
Streptococcus_67	0.00000000000000000000
Streptococcus_64	0.03799999999999999906
Streptococcus_65	0.84699999999999997513
Arcobacter_0	0.86099999999999998757
Haemophilus_4	0.00000000000000000000
Brochothrix_0	0.02999999999999999889
Bifidobacterium_48	0.82599999999999995648
Pseudoflavonifractor_0	0.70699999999999996181
Chlorobaculum_0	0.73099999999999998312
Chlorobaculum_1	0.81899999999999995026
Coprococcus_3	0.59799999999999997602
Coprococcus_2	0.00000000000000000000
Coprococcus_1	0.12800000000000000266
Coprococcus_0	0.03500000000000000333
Clostridium_28	0.00000000000000000000
Clostridium_29	0.98199999999999998401
Clostridium_24	0.98399999999999998579
Clostridium_25	0.09700000000000000289
Clostridium_26	0.00000000000000000000
Clostridium_27	0.98999999999999999112
Clostridium_20	0.84699999999999997513
Clostridium_21	0.97799999999999998046
Clostridium_22	0.62399999999999999911
Clostridium_23	0.84199999999999997069
Herbaspirillum_0	0.00100000000000000002
Aneurinibacillus_0	0.00200000000000000004
Acholeplasma_0	0.58999999999999996891
Bacillus_37	0.00000000000000000000
Escherichia_50	0.53400000000000003020
Bacillus_30	0.86699999999999999289
Nocardiopsis_0	0.83199999999999996181
Rhizobium_0	0.00000000000000000000
Raoultella_0	0.00200000000000000004
Prevotella_39	0.83599999999999996536
Prevotella_38	0.99699999999999999734
Prevotella_37	0.83599999999999996536
Prevotella_36	0.70099999999999995648
Prevotella_35	0.47799999999999998046
Prevotella_34	0.00000000000000000000
Prevotella_33	0.41799999999999998268
Prevotella_32	0.99599999999999999645
Prevotella_31	0.98699999999999998845
Prevotella_30	0.99299999999999999378
Kingella_0	0.96099999999999996536
Kluyvera_0	0.02900000000000000147
Mobiluncus_4	0.84599999999999997424
Mobiluncus_2	0.84199999999999997069
Mobiluncus_3	0.00000000000000000000
Mobiluncus_0	0.14499999999999999001
Mobiluncus_1	0.10799999999999999878
Abiotrophia_0	0.07399999999999999634
Erysipelothrix_0	0.00000000000000000000
Rhodoferax_0	0.00000000000000000000
Pseudoalteromonas_0	0.85799999999999998490
Enterococcus_10	0.81399999999999994582
Enterococcus_11	0.00000000000000000000
Enterococcus_12	0.00000000000000000000
Enterococcus_13	0.08100000000000000255
Enterococcus_14	0.00000000000000000000
Enterococcus_15	0.85199999999999997957
Enterococcus_16	0.99299999999999999378
Enterococcus_17	0.00400000000000000008
Enterococcus_18	0.04399999999999999745
Enterococcus_19	0.67100000000000004086
Eubacterium_18	0.83899999999999996803
Eubacterium_19	0.83499999999999996447
Fusobacterium_13	0.84799999999999997602
Fusobacterium_12	0.95199999999999995737
Fusobacterium_11	0.00000000000000000000
Eubacterium_11	0.97499999999999997780
Fusobacterium_17	0.00000000000000000000
Fusobacterium_16	0.00000000000000000000
Eubacterium_14	0.85999999999999998668
Eubacterium_15	0.71399999999999996803
Shuttleworthia_0	0.00000000000000000000
Idiomarina_0	0.99099999999999999201
Thermosediminibacter_0	0.84699999999999997513
Renibacterium_0	0.00000000000000000000
Ruminiclostridium_11	0.88500000000000000888
Ruminiclostridium_10	0.85299999999999998046
Ruminiclostridium_13	0.00899999999999999932
Ruminiclostridium_12	0.10299999999999999434
Eggerthia_0	0.97299999999999997602
Pseudomonas_5	0.01400000000000000029
Sulfolobus_0	0.81100000000000005418
Shigella_3	0.41799999999999998268
Lactococcus_4	0.96099999999999996536
Lactococcus_3	0.00000000000000000000
Lactococcus_2	0.84099999999999996980
Lactococcus_1	0.00000000000000000000
Lactococcus_0	0.83999999999999996891
Silanimonas_0	0.63000000000000000444
Parabacteroides_3	0.01600000000000000033
Parabacteroides_2	0.05199999999999999761
Parabacteroides_1	0.00400000000000000008
Parabacteroides_0	0.83499999999999996447
Parabacteroides_7	0.81999999999999995115
Parabacteroides_6	0.70799999999999996270
Parabacteroides_5	0.19400000000000000577
Parabacteroides_4	0.71999999999999997335
Nitrobacter_0	0.72999999999999998224
Pelotomaculum_0	0.38300000000000000711
Oxalobacter_0	0.60699999999999998401
Oxalobacter_1	0.73899999999999999023
Streptococcus_70	0.00300000000000000006
Enterococcus_30	0.85799999999999998490
Enterococcus_31	0.99599999999999999645
Zymoseptoria_0	0.97299999999999997602
Megamonas_0	0.85499999999999998224
Megamonas_1	0.70099999999999995648
Polaribacter_1	0.00000000000000000000
Polaribacter_0	0.78900000000000003464
Clostridium_39	0.85499999999999998224
Clostridium_38	0.00000000000000000000
Stenotrophomonas_0	0.99299999999999999378
Stenotrophomonas_1	0.61699999999999999289
Stenotrophomonas_2	0.00100000000000000002
Stenotrophomonas_3	0.83599999999999996536
Clostridium_33	0.06900000000000000577
Clostridium_31	0.60599999999999998312
Clostridium_30	0.93999999999999994671
Clostridium_37	0.82099999999999995204
Clostridium_36	0.62099999999999999645
Clostridium_35	0.00500000000000000010
Clostridium_34	0.05399999999999999939
Pseudomonas_3	0.73399999999999998579
Thauera_0	0.83899999999999996803
Butyricicoccus_1	0.00000000000000000000
Bacteroides_11	0.03300000000000000155
Bacteroides_10	0.00500000000000000010
Bacteroides_13	0.83999999999999996891
Bacteroides_12	0.00000000000000000000
Bacteroides_15	0.00000000000000000000
Bacteroides_14	0.00000000000000000000
Bacteroides_17	0.00400000000000000008
Bacteroides_16	0.87299999999999999822
Bacteroides_19	0.01899999999999999953
Bacteroides_18	0.82899999999999995914
Aggregatibacter_2	0.04100000000000000172
Aggregatibacter_0	0.75100000000000000089
Aggregatibacter_1	0.84199999999999997069
Treponema_2	0.00000000000000000000
Treponema_1	0.86499999999999999112
Treponema_0	0.00000000000000000000
Escherichia_47	0.46500000000000002442
Escherichia_46	0.53300000000000002931
Escherichia_45	0.42299999999999998712
Escherichia_44	0.43299999999999999600
Escherichia_43	0.43299999999999999600
Paraburkholderia_0	0.00000000000000000000
Paraprevotella_1	0.04599999999999999922
Paraprevotella_0	0.12399999999999999911
Escherichia_49	0.00100000000000000002
Escherichia_48	0.07399999999999999634
Victivallis_0	0.00000000000000000000
Streptomyces_0	0.00000000000000000000
Streptomyces_3	0.73699999999999998845
Streptomyces_2	0.00000000000000000000
Kandleria_0	0.81699999999999994849
Eubacterium_36	0.99399999999999999467
Kytococcus_0	0.03099999999999999978
Prevotella_28	0.97099999999999997424
Prevotella_29	0.98799999999999998934
Prevotella_20	0.99699999999999999734
Prevotella_21	0.98099999999999998312
Prevotella_22	1.00000000000000000000
Prevotella_23	0.99399999999999999467
Prevotella_24	0.07099999999999999367
Prevotella_25	0.00000000000000000000
Prevotella_26	0.99899999999999999911
Prevotella_27	0.50600000000000000533
Arcanobacterium_0	0.98799999999999998934
Listeria_8	0.00000000000000000000
Listeria_9	0.08400000000000000522
Laribacter_0	0.41799999999999998268
Listeria_1	0.25300000000000000266
Listeria_2	0.00500000000000000010
Listeria_3	0.00100000000000000002
Listeria_4	0.00100000000000000002
Listeria_5	0.84899999999999997691
Listeria_6	0.00000000000000000000
Listeria_7	0.00000000000000000000
Oenococcus_0	0.83599999999999996536
Corynebacterium_16	0.14699999999999999178
Corynebacterium_17	0.70799999999999996270
Corynebacterium_14	0.27200000000000001954
Corynebacterium_15	0.50300000000000000266
Enterococcus_29	0.00800000000000000017
Enterococcus_28	0.86399999999999999023
Corynebacterium_10	0.00800000000000000017
Corynebacterium_11	0.65100000000000002309
Enterococcus_25	0.84599999999999997424
Enterococcus_24	0.86299999999999998934
Enterococcus_27	0.00000000000000000000
Enterococcus_26	0.83799999999999996714
Enterococcus_21	0.02000000000000000042
Enterococcus_20	0.00000000000000000000
Enterococcus_23	0.02000000000000000042
Enterococcus_22	0.38400000000000000799
Fusobacterium_22	0.99399999999999999467
Fusobacterium_23	0.53800000000000003375
Fusobacterium_20	0.69899999999999995470
Fusobacterium_21	0.85099999999999997868
Croceibacter_0	0.00000000000000000000
Bulleidia_0	0.97399999999999997691
Chryseobacterium_0	0.86899999999999999467
Salmonella_11	0.97999999999999998224
Salmonella_10	0.43900000000000000133
Salmonella_13	0.04299999999999999656
Brevundimonas_0	0.28899999999999997913
Salmonella_14	0.41899999999999998357
Ruminiclostridium_5	0.83899999999999996803
Ruminiclostridium_4	0.00000000000000000000
Ruminiclostridium_7	0.97699999999999997957
Ruminiclostridium_6	0.84199999999999997069
Ruminiclostridium_1	0.88600000000000000977
Ruminiclostridium_0	0.62900000000000000355
Pediococcus_1	0.86299999999999998934
Pediococcus_0	0.84899999999999997691
Ruminiclostridium_9	0.00000000000000000000
Ruminiclostridium_8	0.00000000000000000000
Bifidobacterium_13	0.83999999999999996891
Bifidobacterium_12	0.14799999999999999267
Bifidobacterium_11	0.00600000000000000012
Bifidobacterium_10	0.60999999999999998668
Bifidobacterium_17	0.82199999999999995293
Bifidobacterium_16	0.85899999999999998579
Bifidobacterium_15	0.06300000000000000044
Bifidobacterium_14	0.07499999999999999722
Bifidobacterium_19	0.85199999999999997957
Bifidobacterium_18	0.85699999999999998401
Mitsuokella_0	0.29099999999999998090
Mitsuokella_1	0.71799999999999997158
Bacillus_49	0.84599999999999997424
Bacillus_48	0.84999999999999997780
Bacillus_45	0.00000000000000000000
Burkholderia_0	0.59299999999999997158
Bacillus_47	0.73899999999999999023
Burkholderia_2	0.00000000000000000000
Bacillus_41	0.76400000000000001243
Bacillus_40	0.84299999999999997158
Bacillus_43	0.00000000000000000000
Bacillus_42	0.86399999999999999023
Capnocytophaga_2	0.90500000000000002665
Brachyspira_3	0.08899999999999999578
Brachyspira_0	0.83199999999999996181
Brachyspira_1	0.58699999999999996625
Pseudomonas_4	0.03500000000000000333
Finegoldia_1	0.00000000000000000000
Finegoldia_0	0.82899999999999995914
Finegoldia_2	0.99399999999999999467
Pseudomonas_6	0.35999999999999998668
Micromonospora_0	0.77800000000000002487
Enterococcus_44	0.97599999999999997868
Pseudomonas_0	0.57699999999999995737
Enterococcus_42	0.15599999999999999978
Bifidobacterium_9	0.85299999999999998046
Bifidobacterium_8	0.69799999999999995381
Pseudomonas_2	0.72199999999999997513
Bifidobacterium_3	0.00000000000000000000
Bifidobacterium_2	0.03699999999999999817
Bifidobacterium_1	0.00200000000000000004
Bifidobacterium_0	0.83099999999999996092
Bifidobacterium_7	0.21699999999999999845
Bifidobacterium_6	0.81599999999999994760
Bifidobacterium_5	0.00800000000000000017
Bifidobacterium_4	0.83699999999999996625
Clavibacter_0	0.81499999999999994671
Bacteroides_9	0.00600000000000000012
Bacteroides_8	0.83599999999999996536
Bacteroides_1	0.01099999999999999936
Bacteroides_0	0.84799999999999997602
Bacteroides_3	0.69999999999999995559
Bacteroides_2	0.00600000000000000012
Bacteroides_5	0.82599999999999995648
Bacteroides_4	0.71699999999999997069
Bacteroides_7	0.83599999999999996536
Bacteroides_6	0.86299999999999998934
Marvinbryantia_0	0.00000000000000000000
Marvinbryantia_1	0.02299999999999999961
Actinomyces_5	0.03799999999999999906
Actinomyces_4	0.00899999999999999932
Actinomyces_7	0.71899999999999997247
Actinomyces_6	0.05199999999999999761
Actinomyces_1	0.01200000000000000025
Actinomyces_0	0.85299999999999998046
Actinomyces_3	0.87199999999999999734
Actinomyces_2	0.00899999999999999932
Actinomyces_9	0.84299999999999997158
Actinomyces_8	0.86599999999999999201
Dialister_1	0.98499999999999998668
Dialister_0	0.87399999999999999911
Peptostreptococcus_0	0.00000000000000000000
Peptostreptococcus_1	0.99199999999999999289
Peptostreptococcus_2	0.98999999999999999112
Escherichia_32	0.53000000000000002665
Escherichia_33	0.50900000000000000799
Escherichia_30	0.00300000000000000006
Escherichia_31	0.00700000000000000015
Escherichia_36	0.52200000000000001954
Escherichia_37	0.05299999999999999850
Escherichia_34	0.00600000000000000012
Escherichia_35	0.37500000000000000000
Escherichia_38	0.43399999999999999689
Escherichia_39	0.00899999999999999932
Butyricimonas_1	0.91200000000000003286
Butyricimonas_0	0.93600000000000005418
Catonella_0	0.84399999999999997247
Lactobacillus_50	0.84699999999999997513
Lactobacillus_51	0.86299999999999998934
Sideroxydans_0	0.00000000000000000000
Lactobacillus_53	0.00000000000000000000
Lactobacillus_54	0.00000000000000000000
Lactobacillus_55	0.00000000000000000000
Lactobacillus_56	0.33300000000000001821
Lactobacillus_57	0.99599999999999999645
Lactobacillus_58	0.26100000000000000977
Lactobacillus_59	0.00500000000000000010
Campylobacter_14	0.93799999999999994493
Lachnoclostridium_13	0.00000000000000000000
Campylobacter_16	0.00000000000000000000
Campylobacter_17	0.34399999999999997247
Campylobacter_10	0.35699999999999998401
Bacteroides_29	0.59799999999999997602
Lachnoclostridium_14	0.00100000000000000002
Campylobacter_13	0.87399999999999999911
Bacteroides_24	0.65200000000000002398
Bacteroides_25	0.00100000000000000002
Bacteroides_26	0.63300000000000000711
Bacteroides_27	0.00000000000000000000
Bacteroides_20	0.77900000000000002576
Bacteroides_21	0.01400000000000000029
Bacteroides_22	0.02199999999999999872
Bacteroides_23	0.84799999999999997602
Erythrobacter_0	0.00000000000000000000
Tatumella_0	0.62600000000000000089
Coprobacillus_4	0.84799999999999997602
Coprobacillus_2	0.00300000000000000006
Coprobacillus_3	0.85299999999999998046
Coprobacillus_0	0.64900000000000002132
Coprobacillus_1	0.82899999999999995914
Dysgonomonas_0	0.08599999999999999312
Methanobrevibacter_0	0.54300000000000003819
Methanobrevibacter_1	0.98999999999999999112
Flavobacterium_1	0.29199999999999998179
Flavobacterium_0	0.06300000000000000044
Hafnia_0	0.00400000000000000008
Enterococcus_38	0.00000000000000000000
Enterococcus_39	0.00100000000000000002
Enterococcus_32	0.07699999999999999900
Enterococcus_33	0.00000000000000000000
Acetomicrobium_0	0.82799999999999995826
Acetomicrobium_1	0.01099999999999999936
Enterococcus_36	0.00600000000000000012
Enterococcus_37	0.01499999999999999944
Enterococcus_34	0.00200000000000000004
Enterococcus_35	0.98899999999999999023
Yersinia_7	0.52200000000000001954
Yersinia_6	0.74799999999999999822
Yersinia_5	0.00100000000000000002
Yersinia_4	0.01799999999999999864
Yersinia_3	0.70799999999999996270
Yersinia_2	0.01400000000000000029
Yersinia_1	0.17599999999999998979
Yersinia_0	0.83799999999999996714
Yersinia_9	0.48699999999999998845
Yersinia_8	0.75300000000000000266
Eubacterium_34	0.78200000000000002842
Eubacterium_35	0.00000000000000000000
Chromobacterium_0	0.68700000000000005507
Eubacterium_37	0.98799999999999998934
Eubacterium_30	0.66200000000000003286
Eubacterium_31	0.97899999999999998135
Eubacterium_32	0.00000000000000000000
Eubacterium_33	0.99599999999999999645
Eubacterium_38	0.00000000000000000000
Eubacterium_39	0.85699999999999998401
Clostridioides_0	0.67800000000000004707
Clostridioides_1	0.00000000000000000000
Clostridioides_2	0.17699999999999999067
Clostridioides_3	0.04200000000000000261
Clostridioides_4	0.85899999999999998579
Clostridioides_5	0.83399999999999996358
Clostridioides_6	0.00899999999999999932
Clostridioides_7	0.84799999999999997602
Clostridioides_8	0.80000000000000004441
Clostridioides_9	0.00000000000000000000
Staphylococcus_42	0.03099999999999999978
Streptococcus_7	0.82899999999999995914
Streptococcus_6	0.76700000000000001510
Streptococcus_5	0.81100000000000005418
Streptococcus_4	0.03899999999999999994
Streptococcus_3	0.00000000000000000000
Streptococcus_2	0.84199999999999997069
Streptococcus_1	0.04499999999999999833
Streptococcus_0	0.83899999999999996803
Thermobispora_0	0.97699999999999997957
Streptococcus_9	0.84999999999999997780
Streptococcus_8	0.83799999999999996714
Mageeibacillus_0	0.00000000000000000000
Brevibacterium_1	0.00800000000000000017
Brevibacterium_0	0.88500000000000000888
Brevibacterium_3	0.77100000000000001865
Brevibacterium_2	0.00000000000000000000
Eikenella_0	0.92900000000000004796
Desulfovibrio_11	0.86499999999999999112
Desulfovibrio_10	0.54400000000000003908
Granulicatella_1	0.85499999999999998224
Eubacterium_10	0.99399999999999999467
Lactobacillus_38	0.99699999999999999734
Candidatus_Stoquefichus_0	0.72899999999999998135
Granulicatella_0	0.86099999999999998757
Rothia_2	0.61399999999999999023
Rothia_3	0.13700000000000001066
Tropheryma_0	0.00000000000000000000
Rothia_1	0.00000000000000000000
Rothia_0	0.74799999999999999822
Rothia_4	0.81200000000000005507
Lactobacillus_39	0.24599999999999999645
Listeria_12	0.01299999999999999940
Listeria_13	0.03500000000000000333
Listeria_10	0.07299999999999999545
Listeria_11	0.85499999999999998224
Listeria_14	0.85399999999999998135
Anaerostipes_3	0.60599999999999998312
Anaerostipes_2	0.00000000000000000000
Anaerostipes_1	0.85199999999999997957
Anaerostipes_0	0.01099999999999999936
Symbiobacterium_0	0.00000000000000000000
Dickeya_0	0.49399999999999999467
Dickeya_1	0.00500000000000000010
Desulfovibrio_9	0.83999999999999996891
Desulfovibrio_8	0.83899999999999996803
Desulfovibrio_3	0.00000000000000000000
Leuconostoc_2	0.01099999999999999936
Desulfovibrio_1	0.84999999999999997780
Desulfovibrio_0	0.37800000000000000266
Desulfovibrio_7	0.00700000000000000015
Desulfovibrio_6	0.75900000000000000799
Desulfovibrio_5	0.87199999999999999734
Leuconostoc_3	0.93200000000000005063
Cellulosilyticum_0	0.62700000000000000178
Leuconostoc_0	0.98399999999999998579
Leptothrix_0	0.01299999999999999940
Simonsiella_0	0.60499999999999998224
Desulfomicrobium_0	0.84299999999999997158
unclassified_Bacteria_0	0.84199999999999997069
unclassified_Bacteria_1	0.83899999999999996803
Escherichia_21	0.00600000000000000012
Escherichia_20	0.00000000000000000000
Escherichia_23	0.41399999999999997913
Escherichia_22	0.01700000000000000122
Escherichia_25	0.42199999999999998623
Escherichia_24	0.50100000000000000089
Escherichia_27	0.49499999999999999556
Escherichia_26	0.43800000000000000044
Escherichia_29	0.42099999999999998535
Escherichia_28	0.02800000000000000058
Staphylococcus_11	0.80900000000000005240
Staphylococcus_10	0.00000000000000000000
Staphylococcus_13	0.85899999999999998579
Staphylococcus_12	0.83799999999999996714
Staphylococcus_15	0.79900000000000004352
Staphylococcus_14	0.84499999999999997335
Staphylococcus_17	0.00300000000000000006
Staphylococcus_16	0.00899999999999999932
Staphylococcus_19	0.00000000000000000000
Staphylococcus_18	0.72899999999999998135
Lactobacillus_43	0.99799999999999999822
Lactobacillus_42	0.98999999999999999112
Lactobacillus_41	0.99799999999999999822
Lactobacillus_40	0.07799999999999999989
Lactobacillus_47	0.91500000000000003553
Lactobacillus_46	0.86999999999999999556
Lactobacillus_45	0.98099999999999998312
Lactobacillus_44	0.98199999999999998401
Lactobacillus_49	0.99199999999999999289
Lactobacillus_48	0.02999999999999999889
Cetobacterium_0	0.58399999999999996358
Bacteroides_39	0.83999999999999996891
Bacteroides_38	0.00200000000000000004
Bacteroides_33	0.84199999999999997069
Bacteroides_32	0.10899999999999999967
Bacteroides_31	0.84599999999999997424
Bacteroides_30	0.83299999999999996270
Bacteroides_37	0.82899999999999995914
Bacteroides_36	0.00000000000000000000
Bacteroides_35	0.00500000000000000010
Bacteroides_34	0.40799999999999997380
Nitrosospira_0	0.74299999999999999378
Mycoplasma_10	0.00000000000000000000
Psychromonas_0	0.00000000000000000000
Lawsonia_0	0.00000000000000000000
Akkermansia_0	0.83299999999999996270
unclassified_Burkholderiales_0	0.00000000000000000000
Fusobacterium_19	0.86099999999999998757
Kurthia_0	0.00000000000000000000
Fusobacterium_18	0.99599999999999999645
Eubacterium_12	0.00000000000000000000
Eubacterium_13	0.83699999999999996625
Klebsiella_7	0.00400000000000000008
Klebsiella_6	0.01499999999999999944
Klebsiella_5	0.14399999999999998912
Klebsiella_4	0.39300000000000001599
Klebsiella_3	0.21699999999999999845
Klebsiella_2	0.52900000000000002576
Klebsiella_1	0.85599999999999998312
Klebsiella_0	0.42799999999999999156
Eubacterium_23	0.83499999999999996447
Eubacterium_22	0.83399999999999996358
Eubacterium_21	0.85199999999999997957
Eubacterium_20	0.85299999999999998046
Eubacterium_27	0.83599999999999996536
Eubacterium_26	0.83899999999999996803
Eubacterium_25	0.02400000000000000050
Eubacterium_24	0.84799999999999997602
Eubacterium_16	0.00000000000000000000
Eubacterium_29	0.00200000000000000004
Eubacterium_28	0.83299999999999996270
Eubacterium_17	0.00000000000000000000
Methylibium_0	0.64800000000000002043
Fusobacterium_15	0.95499999999999996003
Peptoniphilus_6	0.00000000000000000000
Peptoniphilus_7	0.00000000000000000000
Peptoniphilus_4	0.83599999999999996536
Exiguobacterium_0	0.96499999999999996891
Peptoniphilus_2	0.85299999999999998046
Peptoniphilus_3	0.85799999999999998490
Peptoniphilus_0	0.00000000000000000000
Peptoniphilus_1	0.00000000000000000000
Catenibacterium_0	0.81000000000000005329
Eggerthella_0	0.81699999999999994849
Ethanoligenens_0	0.00000000000000000000
Bacillus_8	0.00400000000000000008
Bacillus_9	0.05899999999999999689
Bacillus_4	0.05399999999999999939
Bacillus_5	0.00000000000000000000
Bacillus_6	0.00000000000000000000
Zunongwangia_0	0.36199999999999998845
Bacillus_0	0.72099999999999997424
Bacillus_1	0.00000000000000000000
Bacillus_2	0.72799999999999998046
Bacillus_3	0.00000000000000000000
Atlantibacter_0	0.00400000000000000008
Eggerthella_2	0.39300000000000001599
Eggerthella_3	0.97099999999999997424
Kineococcus_0	0.17899999999999999245
Bacillus_27	0.07499999999999999722
Bacillus_26	0.97799999999999998046
Bacillus_25	0.73899999999999999023
Bacillus_24	0.00899999999999999932
Bacillus_23	0.00300000000000000006
Bacillus_22	0.86699999999999999289
Bacillus_21	0.61799999999999999378
Bacillus_20	0.59499999999999997335
Bacillus_29	0.00000000000000000000
Bacillus_28	0.00000000000000000000
Holdemanella_0	0.97399999999999997691
Azoarcus_0	0.85399999999999998135
Weissella_2	0.99499999999999999556
Weissella_1	0.84999999999999997780
Weissella_0	0.96899999999999997247
Aerococcus_0	0.69299999999999994937
Desulfovibrio_2	0.00000000000000000000
Kordia_0	0.00000000000000000000
Curtobacterium_0	0.05500000000000000028
Sebaldella_0	0.84699999999999997513
Desulfovibrio_4	0.00000000000000000000
Actinomyces_11	0.79400000000000003908
Actinomyces_10	0.83999999999999996891
Actinomyces_13	0.60499999999999998224
Actinomyces_12	0.69899999999999995470
unclassified_Clostridiales_0	0.60899999999999998579
unclassified_Clostridiales_1	0.83899999999999996803
unclassified_Clostridiales_2	0.84399999999999997247
Gordonibacter_1	0.69399999999999995026
Gordonibacter_0	0.45700000000000001732
Nocardia_0	0.00100000000000000002
Rhodococcus_2	0.02999999999999999889
Rhodococcus_0	0.01400000000000000029
Rhodococcus_1	0.60799999999999998490
Escherichia_18	0.51000000000000000888
Escherichia_19	0.18499999999999999778
Escherichia_14	0.49399999999999999467
Escherichia_15	0.00200000000000000004
Escherichia_16	0.00300000000000000006
Sanguibacter_0	0.97099999999999997424
Escherichia_10	0.42799999999999999156
Escherichia_11	0.00400000000000000008
Escherichia_12	0.01000000000000000021
Escherichia_13	0.53900000000000003464
Desulfotomaculum_0	0.84399999999999997247
Paenarthrobacter_0	0.82899999999999995914
Prevotella_8	0.01899999999999999953
Geobacillus_0	0.63200000000000000622
Geobacillus_1	0.00400000000000000008
Prevotella_3	0.99499999999999999556
Prevotella_2	0.67700000000000004619
Prevotella_5	0.84899999999999997691
Prevotella_4	0.61599999999999999201
Prevotella_7	0.99499999999999999556
Prevotella_6	0.67600000000000004530
Cutibacterium_3	0.99299999999999999378
Cutibacterium_2	0.01200000000000000025
Cutibacterium_1	0.60899999999999998579
Cutibacterium_0	0.99699999999999999734
Cutibacterium_6	0.99499999999999999556
Cutibacterium_5	0.99199999999999999289
Cutibacterium_4	0.97099999999999997424
Lactobacillus_76	1.00000000000000000000
Lactobacillus_77	0.97799999999999998046
Lactobacillus_74	0.97199999999999997513
Lactobacillus_75	0.98699999999999998845
Lactobacillus_72	0.00000000000000000000
Lactobacillus_73	0.00200000000000000004
Lactobacillus_70	0.99499999999999999556
Lactobacillus_71	0.97499999999999997780
Roseburia_0	0.02000000000000000042
Roseburia_1	0.82699999999999995737
Roseburia_2	0.21499999999999999667
Roseburia_3	0.00200000000000000004
Grimontia_0	0.04299999999999999656
Aeromonas_1	0.36599999999999999201
Aeromonas_0	0.06500000000000000222
Aeromonas_3	0.42199999999999998623
Aeromonas_2	0.05800000000000000294
Alcaligenes_0	0.72999999999999998224
Alcaligenes_1	0.07199999999999999456
Mycoplasma_3	0.84199999999999997069
Mycoplasma_2	0.85499999999999998224
Mycoplasma_1	0.86299999999999998934
Mycoplasma_0	0.99399999999999999467
Mycoplasma_7	0.00000000000000000000
Mycoplasma_6	0.13100000000000000533
Mycoplasma_5	0.83199999999999996181
Mycoplasma_4	0.00000000000000000000
Mycoplasma_9	0.00000000000000000000
Mycoplasma_8	0.00000000000000000000
Verminephrobacter_0	0.00000000000000000000
Cronobacter_0	0.57999999999999996003
Cronobacter_1	0.70899999999999996358
Saccharomonospora_0	0.00000000000000000000
Corynebacterium_24	0.13400000000000000799
Bradyrhizobium_2	0.84799999999999997602
Corynebacterium_22	0.53400000000000003020
Corynebacterium_21	0.00100000000000000002
Bradyrhizobium_1	0.00000000000000000000
Alloprevotella_0	0.32200000000000000844
Nocardioides_0	0.01799999999999999864
Aeromicrobium_0	0.05399999999999999939
Polaromonas_1	0.83199999999999996181
Polaromonas_0	0.85199999999999997957
Cyanothece_0	0.97899999999999998135
Tsukamurella_0	0.00100000000000000002
Mycobacterium_4	0.00000000000000000000
Mycobacterium_0	0.86599999999999999201
Mycobacterium_1	0.08799999999999999489
Mycobacterium_2	0.00000000000000000000
Mycobacterium_3	0.56399999999999994582
Arthrobacter_0	0.00000000000000000000
Arthrobacter_1	0.00500000000000000010
Bifidobacterium_40	0.64100000000000001421
Bifidobacterium_41	0.84299999999999997158
Bifidobacterium_42	0.00000000000000000000
Bifidobacterium_43	0.02800000000000000058
Bifidobacterium_44	0.84799999999999997602
Bifidobacterium_45	0.84499999999999997335
Bifidobacterium_46	0.84399999999999997247
Bifidobacterium_47	0.82399999999999995470
Bacillus_34	0.00000000000000000000
Bacillus_35	0.86799999999999999378
Bacillus_36	0.11200000000000000233
Thermomonospora_0	0.00000000000000000000
Fusobacterium_10	0.62900000000000000355
Bacillus_31	0.00000000000000000000
Bacillus_32	0.00100000000000000002
Bacillus_33	0.86999999999999999556
Bacillus_38	0.82699999999999995737
Bacillus_39	0.86799999999999999378
Staphylococcus_45	0.02999999999999999889
Filifactor_0	0.44700000000000000844
Lachnoclostridium_10	0.86499999999999999112
Fusobacterium_14	0.83299999999999996270
Geodermatophilus_0	0.00000000000000000000
Sphingomonas_1	0.80300000000000004707
Sphingomonas_0	0.45600000000000001643
Alkalilimnicola_0	0.00000000000000000000
Gordonia_2	0.00100000000000000002
Gordonia_3	0.00000000000000000000
Gordonia_0	0.01400000000000000029
Gordonia_1	0.04399999999999999745
Sulfurihydrogenibium_1	0.86899999999999999467
Sulfurihydrogenibium_0	0.84099999999999996980
Algoriphagus_0	0.00000000000000000000
Staphylococcus_37	0.84199999999999997069
Staphylococcus_36	0.87199999999999999734
Staphylococcus_35	0.84199999999999997069
Staphylococcus_34	0.84699999999999997513
Staphylococcus_33	0.00000000000000000000
Staphylococcus_32	0.86199999999999998845
Staphylococcus_31	0.00300000000000000006
Staphylococcus_30	0.59699999999999997513
Staphylococcus_39	0.01299999999999999940
Staphylococcus_38	0.00300000000000000006
Methanosphaera_0	0.93899999999999994582
Erwinia_3	0.70399999999999995914
Erwinia_2	0.00300000000000000006
Erwinia_1	0.01899999999999999953
Erwinia_0	0.73599999999999998757
Erwinia_4	0.71499999999999996891
Lactobacillus_69	0.82799999999999995826
Lactobacillus_68	0.97799999999999998046
Sutterella_2	0.68899999999999994582
Bacteroides_48	0.85599999999999998312
Sutterella_0	0.47399999999999997691
Sutterella_1	0.99099999999999999201
Lactobacillus_61	0.99699999999999999734
Lactobacillus_60	0.99499999999999999556
Lactobacillus_63	0.11600000000000000588
Lactobacillus_62	0.00200000000000000004
Lactobacillus_65	1.00000000000000000000
Lactobacillus_64	0.83699999999999996625
Lactobacillus_67	0.99599999999999999645
Lactobacillus_66	0.16300000000000000600
Campylobacter_25	0.17699999999999999067
Campylobacter_24	0.28299999999999997380
Campylobacter_21	0.30499999999999999334
Campylobacter_20	0.79900000000000004352
Campylobacter_23	0.71599999999999996980
Campylobacter_22	0.98699999999999998845
Kribbella_0	0.99799999999999999822
Adlercreutzia_0	0.61099999999999998757
Xylanimonas_0	0.58899999999999996803
Succinivibrio_0	0.81799999999999994937
Gardnerella_3	0.00000000000000000000
Gardnerella_2	0.84799999999999997602
Gardnerella_1	0.84399999999999997247
Gardnerella_0	0.84799999999999997602
Escherichia_17	0.00000000000000000000
Subdoligranulum_1	0.84799999999999997602
