strain	wd_obj_flux
Subdoligranulum_0	0.65152845367439815583
Leeuwenhoekiella_0	1.71310293679426051128
Caminibacter_0	0.05822101759394397724
Oribacterium_1	0.31714661416609363220
Oribacterium_0	0.00008107537013403741
Oribacterium_2	0.65037404346856220183
Ruminiclostridium_2	0.81200746594206030249
Morganella_0	0.44507801330580282206
Leifsonia_0	0.00018454200798679864
Neisseria_3	0.23415512722136180845
Neisseria_2	0.17378175643501428405
Neisseria_1	0.29299599866321701658
Neisseria_0	0.27435537524750669425
Neisseria_7	0.17382017924190096281
Neisseria_6	0.14367337381949171760
Neisseria_5	0.26048280437930348974
Neisseria_4	0.17381368938210781105
Neisseria_9	0.17377706071124077170
Neisseria_8	0.28841963042191798294
Bordetella_5	0.93037075537068036901
Bordetella_4	0.00129179530911359788
Bordetella_3	0.93037073528394120814
Bordetella_2	0.29776348171856698022
Bordetella_1	0.93754854186725700149
Bordetella_0	0.93036875959565412675
Psychrobacter_1	0.49077048300832237793
Psychrobacter_0	0.48701229261931006098
Psychrobacter_2	0.48888352913436156078
Staphylococcus_1	0.38746105771613653657
Brachybacterium_0	0.92673105538554212401
Staphylococcus_3	0.00006297507573321488
Staphylococcus_2	0.00006297507564198707
Staphylococcus_5	0.31714109932174316953
Staphylococcus_4	0.00006297499268157480
Staphylococcus_7	0.00006297499268157478
Staphylococcus_6	0.40480621477570816191
Staphylococcus_9	0.61368978735659507340
Staphylococcus_8	0.60584520848232548129
Dechloromonas_0	0.93036401031201276801
Comamonas_0	0.92681772121829508748
Comamonas_1	0.92681800449551521304
Staphylococcus_28	0.00006297504945173307
Staphylococcus_29	0.31714156001495558135
Staphylococcus_20	0.61368982651170511655
Staphylococcus_21	0.00006297499042196829
Staphylococcus_22	0.00006297499268157481
Staphylococcus_23	0.31714094611935067514
Staphylococcus_24	0.00006297504950718736
Staphylococcus_25	0.00006297499268157478
Staphylococcus_26	0.00006297499268157481
Staphylococcus_27	0.31714263119195923446
Lactobacillus_18	0.19882213304935589249
Lactobacillus_19	0.10404057475551649337
Lactobacillus_14	0.29709785421408729800
Lactobacillus_15	0.00007750769211200420
Lactobacillus_16	0.00007750771346691822
Lactobacillus_17	0.45653735204089535005
Lactobacillus_10	0.00016793318269424278
Scardovia_0	0.31714303969835772046
Lactobacillus_12	0.45653735204089535005
Lactobacillus_13	0.21484906490883753927
Fusobacterium_7	0.04211801720307064428
Fusobacterium_6	0.00007176625515781782
Fusobacterium_5	0.33650618247814056971
Fusobacterium_4	0.02696352125096030186
Fusobacterium_3	0.26812820290719791005
Fusobacterium_2	0.20174842055809250052
Fusobacterium_1	0.51917785242755698505
Fusobacterium_0	0.01351581029920346198
Fusobacterium_9	0.00234420705079402400
Fusobacterium_8	0.16468340964089345224
unclassified_Melainabacteria_0	0.01334339616071171866
Paeniclostridium_0	0.51459864921944542537
Tannerella_1	0.00043059834888834408
Tannerella_0	0.24480332406899343867
Trueperella_0	1.17006107474352338826
Phascolarctobacterium_0	0.04193526189383890018
Porphyromonas_2	0.32008736177250368682
Yersinia_14	0.93393026683288304923
Yersinia_13	0.70527178130417955693
Yersinia_12	0.93393026682489121981
Yersinia_11	0.93393026679656265809
Yersinia_10	0.93393034360130178229
Oligotropha_0	0.52602153782964244932
Pedobacter_0	0.48515593441326065882
Porphyromonas_4	0.25152967304701451257
Helicobacter_8	0.05148994995490659837
Helicobacter_9	0.08555973696221057245
Helicobacter_2	0.34912217661173367000
Helicobacter_3	0.53348400979647692122
Helicobacter_0	0.03005773738213022087
Helicobacter_1	0.00016147434020916601
Helicobacter_6	0.53348400979661880772
Helicobacter_7	0.00007598793085232743
Helicobacter_4	0.00016147434020916468
Helicobacter_5	0.00016147433388110648
Aliivibrio_0	1.72116498923990746128
Microbacterium_2	0.32788556421513959105
Microbacterium_1	0.26331978302034048101
Microbacterium_0	0.35694377113781905475
Lachnospira_0	0.31714232331866454295
Butyricicoccus_0	0.53189466028077236892
Paracoccus_0	0.53930590107049225512
Barnesiella_0	0.27525812683457884233
Heliobacterium_0	0.00019795301757131889
Bacillus_18	0.60584999894911040208
Bacillus_19	0.60584999895446001172
Bacillus_16	0.60585585177019329883
Bacillus_17	1.64156946173751583373
Bacillus_14	1.64156946173874929151
Bacillus_15	0.60584999893322610820
Bacillus_12	0.81236933234952557470
Bacillus_13	1.64156946173954088053
Bacillus_10	1.64156946173890028184
Bacillus_11	0.39194377359928866955
Methyloversatilis_0	0.32111762808332960928
Methyloversatilis_1	0.31563980823040432844
Pseudarthrobacter_0	0.93394435848061829741
Staphylococcus_46	0.81236710865963224215
Staphylococcus_47	0.61368987104769956442
Haemophilus_3	0.93392301963225909933
Lactobacillus_8	0.29576295692147086536
Lactobacillus_9	0.00053754430939240171
Lactobacillus_2	0.38244910527033676440
Lactobacillus_3	0.45653735204089518351
Lactobacillus_0	0.32200787633891819750
Lactobacillus_1	0.45653735203359635531
Lactobacillus_6	0.31714303967949986074
Lactobacillus_7	0.00007750771895078203
Lactobacillus_4	0.60584609700449842951
Lactobacillus_5	0.00019795257931592817
Staphylococcus_40	0.00006297499266190054
Haemophilus_6	0.93392295684083492802
Bartonella_1	0.36393554242064557469
Bartonella_0	0.02922300929561230318
Enterococcus_8	0.00016793331381753180
Enterococcus_9	0.58068950096950933126
Enterococcus_2	0.00007665787360949477
Enterococcus_3	0.00018611908457536662
Enterococcus_0	0.00022755498588726292
Enterococcus_1	0.43984668769657048193
Enterococcus_6	0.00018611935434577294
Enterococcus_7	0.00005655233567481143
Enterococcus_4	0.00016793333290934215
Enterococcus_5	0.00005559002504765706
Holdemania_1	0.45653735203090922701
Holdemania_0	0.00006297499696340456
Stigmatella_0	0.94852553133852579581
Cloacibacillus_0	0.20900893201107648145
Cupriavidus_1	0.93036941048251198261
Cupriavidus_0	0.92682000089441907154
Nitrososphaera_0	0.01546539048927345582
Anaerococcus_4	0.46492883629285108871
Anaerococcus_1	0.45653735204087891875
Anaerococcus_0	0.00071272379077009639
Anaerococcus_3	0.33879795542054352842
Anaerococcus_2	0.40960282584720419941
Shigella_0	1.72116498922269789418
Shigella_1	1.72116498918323745926
Shigella_2	1.72116498922633387458
Thermobifida_0	0.48516487852699480277
Staphylococcus_58	0.00006297504813497821
Staphylococcus_55	0.00006297497376074582
Staphylococcus_54	0.00006297499268157480
Staphylococcus_57	0.31714217157281743287
Staphylococcus_56	0.00006297499628760592
Staphylococcus_51	0.00006297502699135290
Staphylococcus_50	0.31714155756507678152
Staphylococcus_53	0.00006297499268157480
Staphylococcus_52	0.00006297501415986034
Blautia_8	0.55563867723762261353
Blautia_9	0.64283598174205736075
Blautia_6	0.63563059003830468807
Blautia_7	0.00002798892214188478
Blautia_4	0.47624574704361344324
Blautia_5	0.64283598174156053595
Blautia_2	0.33650618267371645853
Blautia_3	0.60585585191537749683
Blautia_0	0.47624344673049040511
Blautia_1	0.64861137027984039349
Turicibacter_0	0.00005037999414525985
Acetoanaerobium_0	0.42201413879740273805
Sulfurospirillum_0	0.48701077684361748776
Novosphingobium_0	0.24239654085408765538
Escherichia_41	1.72116498922114091741
Escherichia_40	0.49702720955296864069
Nitrosomonas_1	1.16733978817167560749
Clostridium_45	0.00010075999401806255
Proteus_0	0.93392297712006655530
Proteus_1	0.43967511788723834254
Mannheimia_0	0.00009936883604079100
Alkaliphilus_0	0.00012595001385057355
Alkaliphilus_1	0.01826899805087920520
Streptomyces_1	0.48516624527799162570
Peptoniphilus_5	0.15576851256427431958
Caldicellulosiruptor_0	0.31714293756809552871
Dethiosulfovibrio_0	0.26412054147445906960
Beggiatoa_0	0.00000030642044391823
Robiginitalea_0	0.41105178591970947810
Veillonella_1	0.35399565012280331811
Veillonella_0	0.18235169337472867390
Veillonella_3	0.22239446768409920629
Veillonella_2	0.20318614619727506931
Veillonella_5	0.27158611460107179303
Veillonella_4	0.00005038038370942405
Veillonella_7	0.00005037999987280359
Veillonella_6	0.31223757063952645163
Roseiflexus_0	0.62200993896049083798
Mesoplasma_0	0.00002593534140980948
Corynebacterium_8	0.28009707582185472408
Zymomonas_0	0.26942714425368669007
Escherichia_8	1.72116498922178484676
Escherichia_9	1.87197659121312387498
Escherichia_2	0.00009936884290225651
Escherichia_3	1.72116498922102945102
Escherichia_0	0.00009936886993181720
Escherichia_1	1.04713300975599765685
Escherichia_6	0.00009936886994841277
Escherichia_7	1.72116498922527294546
Escherichia_4	0.93393256052046114135
Escherichia_5	1.72116498922264460347
Gemmata_0	0.82502790672834214192
Bacillus_7	1.64156946173599171956
Janthinobacterium_0	0.49077427318371030784
Delftia_0	0.54575421180575378610
Shewanella_0	0.48515636984191407022
Porphyromonas_3	0.15756642596788253408
Brachybacterium_1	0.92682577827262213610
Porphyromonas_1	0.00000481213898355562
Porphyromonas_0	0.12010217631078376477
Porphyromonas_6	0.10963217036787056835
Porphyromonas_5	0.19719248075004494614
Staphylococcus_0	0.42785516316192340192
Listeria_0	0.31714303970132595722
Peptoanaerobacter_0	0.02134652801436795824
Haemophilus_8	0.27361341503116376472
Propionibacterium_0	0.51920721201644559617
Staphylococcus_48	0.00006297502131928924
Staphylococcus_49	0.31714171205511026974
Haemophilus_1	0.76013088733948930287
Haemophilus_0	0.30755878289680088633
Staphylococcus_44	0.00006297497836271751
Haemophilus_2	0.00006055501591783345
Haemophilus_5	0.28186952989152691540
Staphylococcus_43	0.00006297472829777751
Haemophilus_7	0.00129179486853340294
Staphylococcus_41	0.00006297499344816390
Roseomonas_0	0.98479238912390221206
Lactobacillus_32	0.00016793331381760362
Lactobacillus_33	0.38890852165895423154
Lactobacillus_30	0.61065505686998755586
Lactobacillus_31	0.00009159999976873220
Lactobacillus_36	0.14327350000807223540
Lactobacillus_37	0.45653735204089468391
Lactobacillus_34	0.19943827408627634590
Lactobacillus_35	0.45653735204089546107
Thiobacillus_0	0.48702157821841757235
Clostridium_44	0.58068950096950910922
Nitrosomonas_0	0.06069196083264557368
Clostridium_42	0.37524810187208457180
Clostridium_43	0.00012594990834636482
Clostridium_40	0.00002518999634087094
Clostridium_41	0.62174532855111652729
Blastococcus_0	0.50375211456907331709
Centipeda_0	0.29299599865288483702
Enhydrobacter_0	0.49076995634917919276
Nakamurella_0	0.92682489005443768892
Cedecea_0	0.82804343902493993124
Nevskia_0	0.48510706768232597641
Jonquetella_0	0.00012602876049788925
Atopobium_2	0.30706613648007424766
Atopobium_3	0.34340324157983398434
Atopobium_0	0.47624574709681077866
Atopobium_1	0.00016793333290934223
Pectobacterium_0	0.93393356820908901561
Neisseria_17	0.30424429005210434918
Neisseria_16	0.17378703955983257345
Neisseria_15	0.17380348758296759737
Neisseria_14	0.18932599108276912392
Neisseria_13	0.17650109535447047748
Neisseria_12	1.53108689860141677919
Neisseria_11	1.79226829057475556262
Neisseria_10	0.23821550921785497601
Neisseria_18	0.17650073210094102683
Rhodothermus_0	0.42780551175235181915
Selenomonas_2	0.00010764957129926583
Selenomonas_3	0.44165374168122928378
Selenomonas_0	0.66660181963950204675
Selenomonas_1	0.00002279266788763633
Selenomonas_4	0.00012917948954782092
Selenomonas_5	2.03795345223030377468
Yokenella_0	1.03756674683646177293
Cryptobacterium_0	0.04847870945129302556
Anaerofustis_0	0.35951706290328805382
Butyrivibrio_1	0.33650618249030916918
Butyrivibrio_0	0.34369138160794154846
unclassified_Erysipelotrichaceae_3	0.42050098410022629380
unclassified_Erysipelotrichaceae_2	0.00004198333353663568
unclassified_Erysipelotrichaceae_1	0.00004198333305004731
unclassified_Erysipelotrichaceae_0	0.50861378813903190821
Clostridium_14	2.21592964335053821401
Clostridium_9	0.15958941812683030692
Clostridium_8	0.58068950096885152412
Clostridium_1	0.61065505686998744483
Clostridium_0	0.00007197141133733062
Clostridium_3	0.00006297498630818521
Clostridium_2	0.33650618248123098653
Clostridium_5	0.00005037692385576469
Clostridium_4	0.00006297492451896152
Clostridium_7	0.00006297496404385814
Clostridium_6	0.00005278126357295693
Clostridium_19	0.47624306333585142426
Clostridium_18	0.00003875385861253038
Acidobacterium_0	0.00032294864754604954
Herminiimonas_0	0.76838921933557491339
Streptococcus_19	0.33879881843227266369
Streptococcus_18	0.33879880763290626255
Streptococcus_13	0.68276801206610715500
Streptococcus_12	0.40722363922339249731
Streptococcus_11	0.31714508224440407513
Streptococcus_10	0.33406395543647154911
Streptococcus_17	0.52366560040412635235
Streptococcus_16	0.50731932325835304987
Streptococcus_15	0.52366964758489775722
Streptococcus_14	0.60584707231989909371
Pseudomonas_18	0.93036382201655554169
Pseudomonas_19	0.93754156511653119477
Pseudomonas_16	0.36553868424137292426
Pseudomonas_17	0.93754148768439216077
Pseudomonas_14	0.87804365694840069700
Pseudomonas_15	0.93754094632973394852
Pseudomonas_12	0.93394454385220515569
Pseudomonas_13	0.93394300890087589284
Pseudomonas_10	0.93754094632947904131
Pseudomonas_11	0.93754079157386860377
Afipia_1	0.87804365695099806377
Afipia_0	0.28165991026769099381
Corynebacterium_12	0.04728579464207864624
Corynebacterium_13	0.14854284486566560197
Lachnoclostridium_0	0.76495575344786237437
Lachnoclostridium_1	0.00005037999402502874
Lachnoclostridium_2	0.86971260188343446629
Lachnoclostridium_3	0.85230688212360827816
Lachnoclostridium_4	0.35431983839892355892
Lachnoclostridium_5	0.87549190401264598282
Lachnoclostridium_6	0.61369439469308284529
Lachnoclostridium_7	0.86196847646552177125
Lachnoclostridium_8	0.44959056030215055477
Lachnoclostridium_9	0.76495205839733171338
Methanomassiliicoccus_0	0.05935190660471508645
Corynebacterium_18	0.00006458979806734793
Corynebacterium_19	0.30064469965543016983
Flavonifractor_0	0.31097463008311482247
Lactobacillus_25	0.45653735204087098065
Lactobacillus_24	0.52543347621737557240
Lactobacillus_27	0.00019795251871878737
Lactobacillus_26	0.23593257558789973438
Lactobacillus_21	0.60584609694383084744
Lactobacillus_20	0.00016793333290934242
Lactobacillus_23	0.17781419255126248991
Lactobacillus_22	0.65011160028234082908
Lactobacillus_29	0.00017790424392591516
Lactobacillus_28	0.08708330310535480900
Syntrophothermus_0	0.00000039466899325320
Moorella_0	0.00001442694374180983
Escherichia_42	1.72116498923097815954
Dehalococcoides_0	0.88643806079342224447
Synechococcus_1	1.33287653767716340880
Candidatus_Carsonella_0	0.08584743927265973962
Leptotrichia_2	0.96737391531235394915
Leptotrichia_1	0.00000494513106850545
Leptotrichia_0	0.69562976467383286217
Lactobacillus_11	0.64283598171815459210
Faecalicoccus_0	0.24571348382039490121
Streptobacillus_0	0.53348400989001143468
Prevotella_42	0.12687859726524808313
Prevotella_40	0.38810137584347903505
Prevotella_41	0.64283598063660596367
Desulfitobacterium_0	0.60584866319182872907
Desulfitobacterium_1	0.60584871540068141460
Moraxella_0	0.11710205271912069169
Solobacterium_1	0.31714339710026773211
Solobacterium_0	0.39943150595579146600
Providencia_0	0.51311192716270614955
Providencia_1	0.66510208826693084649
Providencia_2	0.50770796050526556531
Providencia_3	0.53211175774602914590
Pseudomonas_8	0.93754195210489399415
Pseudomonas_9	0.93394124368828967953
Brevibacillus_3	0.26519558854423963545
Brevibacillus_2	0.29121841573142825954
Brevibacillus_1	0.32820246936146885153
Pseudomonas_7	0.93754035075039765523
Enterococcus_43	0.61065505687001797597
Pseudomonas_1	0.93394337419350137441
Enterococcus_41	0.00018611942840339929
Enterococcus_40	0.03859595450975181197
Oceanobacillus_0	0.49022170920415364392
Parvimonas_0	0.13555645025735435505
Brevundimonas_1	0.14031598015797633328
Salmonella_12	1.72116498925346039783
Leuconostoc_4	0.03157870067079367876
Hungatella_0	0.76495205847137637267
Hungatella_1	0.60584937183688714057
Hungatella_2	0.76494343684753574042
Leuconostoc_1	0.02812818169634140331
Rhodopseudomonas_1	1.00888561525187614443
Rhodopseudomonas_0	1.05581797385683739954
Rhodopseudomonas_3	1.18737379605696191653
Rhodopseudomonas_2	0.40375386972518567674
Rhodopseudomonas_5	2.21218182786104167192
Rhodopseudomonas_4	1.00810626644105494343
Candidatus_Desulforudis_0	0.00003875384781778240
Histophilus_0	0.00009936882474410218
Streptococcus_28	0.15150674982926212730
Streptococcus_29	0.33423433764929100231
Thiomonas_0	0.48702067419889294442
Streptococcus_27	0.32979138584919726052
Streptococcus_24	0.60584590190478559979
Streptococcus_25	0.31714355033371199877
Streptococcus_22	0.31714355639283536847
Streptococcus_23	0.00004015927647070318
Streptococcus_20	0.31714355035729469012
Streptococcus_21	0.34348975018641342283
Chania_0	1.19295123644890055381
Cellulomonas_0	0.48889634925325820003
Achromobacter_0	0.92681957242954382536
Erysipelatoclostridium_3	0.26354904695213932087
Erysipelatoclostridium_2	0.00003148750539853734
Erysipelatoclostridium_1	0.31543417283726332689
Erysipelatoclostridium_0	0.64283598173027856060
Erysipelatoclostridium_4	0.81237848835654347113
Actinosynnema_0	0.00006151394214717309
Kocuria_0	0.22562031356128367521
Kocuria_1	0.76652116625222832536
Pseudobutyrivibrio_0	0.47624114634041891936
Pediococcus_2	0.27865479851180541271
Ruminiclostridium_3	0.00004198285341201320
Leminorella_0	0.55417770252142539711
Bacteroides_49	0.48510228875437960694
Bacteroides_46	0.64861137028548210282
Bacteroides_47	0.33952943257970247259
Bacteroides_44	0.69958000506772710647
Bacteroides_45	0.33650618250179870072
Bacteroides_42	0.33952943259173595791
Bacteroides_43	0.25321715929990673555
Bacteroides_40	0.00007176639829338581
Bacteroides_41	0.33650618250183716995
Edwardsiella_0	0.93393778975435171041
Edwardsiella_1	0.86196847650581087663
Edwardsiella_2	0.93393955512807536046
Edwardsiella_3	0.86521514370882879330
Enterococcus_45	0.00011975663206561439
Cardiobacterium_0	0.93393817051689986819
Thermosinus_0	0.00615407590873983008
Burkholderia_1	0.92681884190937191548
Bacillus_44	1.64156946174065798694
Burkholderia_3	0.92682138813803338628
Bacillus_46	0.60584999895008950777
Burkholderia_4	0.92682186510778730160
unclassified_Erysipelotrichaceae_4	0.00004198333589871837
Ruminococcus_11	0.45653735204089535005
Ruminococcus_10	0.64283598173976996826
Brachyspira_2	0.50041542904530156299
Capnocytophaga_3	0.09820894602123050876
Capnocytophaga_0	0.53348883996261697860
Capnocytophaga_1	0.53348883996261686757
Photobacterium_0	2.50408639634027929688
Odoribacter_0	0.27278033481703328755
Odoribacter_1	0.75166652583726112358
Alistipes_4	0.42860100364984660137
Alistipes_0	0.46142723454212669632
Alistipes_1	0.32888630005158925318
Alistipes_2	0.41918644329282872540
Alistipes_3	0.34525835614370531390
Terrisporobacter_0	0.60552717904089514711
Candidatus_Phytoplasma_0	0.08709138244535163942
Candidatus_Phytoplasma_1	0.00665424412372952762
Pseudomonas_30	0.92681697887054415030
Pseudogulbenkiania_0	0.48516375277568324353
Paraclostridium_0	0.42557076767435997322
Pantoea_0	0.93393494964970724670
Streptococcus_31	0.38058888877261354278
Streptococcus_30	0.33423446648062127284
Streptococcus_33	0.51595176969386336019
Streptococcus_32	0.26585881485673806823
Streptococcus_35	0.61066394120363154396
Streptococcus_34	0.33879877051777140817
Streptococcus_37	0.00019795248233522890
Streptococcus_36	0.00003719436873864329
Streptococcus_39	0.00025189997072629897
Streptococcus_38	0.52366964758389311640
Acidaminococcus_2	0.21304405579637489265
Acidaminococcus_1	0.06288242954002006002
Acidaminococcus_0	0.12734818000527045601
Prevotella_9	0.00011743592466045453
Ralstonia_3	0.92682192213650804735
Ralstonia_2	0.92681943648666420543
Ralstonia_1	0.92682157688277089225
Ralstonia_0	0.92682141965656583693
Ralstonia_6	0.92681940848186938897
Ralstonia_5	0.92682151658193279165
Ralstonia_4	0.21877141502244001892
Saccharopolyspora_0	0.92682507392502178067
Synergistes_0	0.00012917948685334013
Blattabacterium_0	0.00000033615428969004
Ochrobactrum_0	0.74541685569107762888
Carnobacterium_0	0.32979046439668585622
Prevotella_1	0.23033049687936127392
Prevotella_0	0.48510109404405976630
Dokdonia_0	0.94187505967338602808
Bacteroides_59	0.00012917955278042237
Bacteroides_58	0.48510109429120168434
Bacteroides_55	0.33952943258888945710
Bacteroides_54	0.64283598178348255736
Bacteroides_57	0.33952943258161993878
Bacteroides_56	0.33952943262511386946
Bacteroides_51	0.33952943258668094595
Bacteroides_50	0.33650618247063218691
Bacteroides_53	0.69200227706363681701
Bacteroides_52	0.00010764970988454748
Trabulsiella_0	1.13305009505441955930
Helicobacter_10	0.53348400979660037802
Helicobacter_11	0.00016147434019555602
Helicobacter_12	0.00016147429771811179
Helicobacter_13	0.06775664056262613311
Helicobacter_14	0.07410660705054518405
Helicobacter_15	0.03324189662036830528
Bilophila_0	0.00009227099867258936
Bilophila_1	0.17430205948670030036
Caldanaerobacter_0	0.00676886510099165319
Caldanaerobacter_1	0.00010076000004028272
Xanthomonas_0	0.49077864598090703563
Clostridioides_10	0.60584609698419300550
Anaerobiospirillum_0	1.17007548321517163004
Thermanaerovibrio_0	0.00012917947141940825
Lactobacillus_78	0.45653735204090639677
Acinetobacter_0	0.00006798920597742941
Acinetobacter_1	0.21213504444914121905
Acinetobacter_2	0.48515415317899612813
Acinetobacter_3	0.25539286783737541464
Acinetobacter_4	0.36106431297154206739
Acinetobacter_5	0.16498604161201732565
Acinetobacter_6	0.00005616501343972192
Acinetobacter_7	0.18888339375085272387
Acinetobacter_8	0.27149550220585666471
Acinetobacter_9	0.00018870118942667765
Janibacter_0	0.92682302646769687549
Macrococcus_0	0.27685745028283836877
Eubacterium_44	0.43809941381123140847
Plesiomonas_0	0.47813944309600625582
Eubacterium_41	1.35542370686704738425
Eubacterium_40	0.49211621075728317898
Eubacterium_43	0.00005813077135719647
Eubacterium_42	0.04281948191627935746
Faecalitalea_0	0.31714186524292453662
Megasphaera_0	0.00014353275501148501
Megasphaera_1	0.30268974543854521020
Megasphaera_2	0.00012917948685334019
Acidipropionibacterium_1	1.00854826888789061989
Acidipropionibacterium_0	1.17008701021624283989
Basfia_0	0.00011743588378848442
Aeromonas_4	0.79641783701876300849
Candidatus_Riesia_0	0.00897487183755852139
Dermacoccus_0	0.92672215394910995023
Sphingopyxis_0	0.93036874076136311107
Gramella_0	0.01660160284957051466
Pseudomonas_27	0.92681670083257805537
Pseudomonas_26	0.93394018509176868204
Pseudomonas_25	0.43191319054832205682
Pseudomonas_24	0.49077820057105475682
Pseudomonas_23	0.93394468984298373293
Pseudomonas_22	0.93754102374239101092
Pseudomonas_21	0.93754125566616242082
Pseudomonas_20	0.93394093671048805660
Pseudomonas_29	0.93394124369304254429
Pseudomonas_28	0.87804365694875408099
Collinsella_0	0.29129109805039576919
Collinsella_1	0.33650618250164748835
Collinsella_2	0.32896521738032580284
Collinsella_3	0.43332138377286716358
Pasteurella_0	0.00009936882154869007
Pasteurella_1	0.00009936883604103161
Streptococcus_44	0.52366737103806915155
Streptococcus_45	0.00050379999796212112
Streptococcus_46	0.00025190000651795989
Streptococcus_47	0.00019795258285389383
Streptococcus_40	0.00016793331381753280
Streptococcus_41	0.33423419422474337503
Streptococcus_42	0.35305050464236786834
Streptococcus_43	0.26589567339365760557
Streptococcus_48	0.00092431220474935652
Streptococcus_49	0.31714355023552426305
Aromatoleum_0	0.00005616498809838166
Enterobacter_8	1.72116498923097038798
Enterobacter_1	1.35457966654838424247
Enterobacter_0	1.08190748230951228059
Enterobacter_3	1.72116498922189076204
Enterobacter_2	1.36139815900764915568
Enterobacter_5	1.42597437152158046381
Enterobacter_4	0.00001688275686553517
Enterobacter_7	1.36768348550898122262
Enterobacter_6	1.72116498922172866948
Succinatimonas_0	0.09604478972185616359
Anaerotruncus_0	0.41658746316033845591
Azotobacter_0	0.48702142402568882051
Bacteroides_60	0.48510587295352675108
Pyramidobacter_0	0.15482462926583195895
Pseudopropionibacterium_0	0.92671873028024143171
Eubacterium_0	0.86196847654849650944
Eubacterium_1	0.00012917948319768444
Eubacterium_2	0.00000846560237047548
Eubacterium_3	0.00006133454210153092
Eubacterium_4	0.00012917947216733276
Eubacterium_5	1.18737379605439441477
Eubacterium_6	0.00005532016095272782
Eubacterium_7	0.26311040785113259943
Eubacterium_8	0.00001973114852810899
Eubacterium_9	0.00003311429624797058
Ureibacillus_0	0.04792202625451472825
Pseudoramibacter_0	0.21057946887764841803
Candidatus_Sulcia_2	0.00032294878502315926
Eggerthella_1	0.29087454563583858835
Candidatus_Sulcia_0	0.00008107537239482605
Candidatus_Sulcia_1	0.00002145238950845557
Citromicrobium_0	0.66496698874269288826
Prevotella_11	0.00000156100618349008
Prevotella_10	0.00016147411552932332
Prevotella_13	0.31847569927956004276
Prevotella_12	0.04375028792478753009
Prevotella_15	0.40134007734662852096
Prevotella_14	0.38894386648235806936
Prevotella_17	0.21407010186560687659
Prevotella_16	0.06758617562972883686
Prevotella_19	0.35138287204880891412
Prevotella_18	0.33650618247034930208
Xenorhabdus_0	1.72116498922053917653
Dietzia_0	0.27394164693823219725
Stackebrandtia_0	0.93394602813721783185
Intestinibacter_0	0.33273436677852663568
Alicycliphilus_0	0.92682274234693906578
Tyzzerella_0	0.33273436677185386223
Roseobacter_0	1.07294859463707381586
Ureaplasma_0	0.00922770549027270882
Ureaplasma_1	0.53348400979647525588
Ureaplasma_2	0.08048258342786740460
Ureaplasma_3	0.53348400979647425668
Cellulosimicrobium_0	0.53348883996261697860
Bifidobacterium_28	1.17006972019744770463
Bifidobacterium_29	0.48511184668034096346
Bifidobacterium_22	0.48510109404358836560
Bifidobacterium_23	0.57087142355495623658
Bifidobacterium_20	0.48510109385801797321
Bifidobacterium_21	0.00000512181989750281
Bifidobacterium_27	0.48510109393765937780
Bifidobacterium_25	0.48510109404358836560
Brevibacillus_0	0.37369269904300772556
Methylobacterium_1	0.48702234076723005529
Methylobacterium_0	0.32142920630758897715
Methylobacterium_3	0.42607724448196454547
Methylobacterium_2	0.77970010764372510437
Actinobacillus_2	0.49559324485859440612
Actinobacillus_3	0.00019795248233522890
Actinobacillus_0	0.00011743590122787731
Actinobacillus_1	0.00006151403956980701
Actinobacillus_4	0.00009936884372366514
Actinobacillus_5	0.00009936881313845083
Corynebacterium_23	0.20045717249842184837
Bradyrhizobium_3	0.40152199892586459828
Bradyrhizobium_0	1.00471487386742008852
Corynebacterium_20	0.48701983699258227789
Acinetobacter_10	0.15686109383335605783
Beutenbergia_0	0.92682656120696160773
Borreliella_0	0.00051671800712584494
Streptococcus_57	0.00025189999855091332
Streptococcus_56	0.53608865079214773619
Streptococcus_55	0.00005037999987265605
Streptococcus_54	0.44584562136800537369
Streptococcus_53	0.00005037999985610082
Streptococcus_52	0.34573144616643775029
Streptococcus_51	0.31579002099366793033
Streptococcus_50	0.00016793333331160766
Olsenella_1	0.48510706767156014374
Olsenella_0	0.45305353349402044394
Streptococcus_59	0.00005037999944531403
Streptococcus_58	0.00004015922303763372
Kallipyga_0	0.28464802595471844215
Dictyoglomus_0	0.00612151321355483297
Dictyoglomus_1	0.73897864918916511545
Serratia_2	0.92681374797746640670
Serratia_3	0.93393596585369009766
Serratia_0	0.86694151307777900239
Serratia_1	0.93393562091580417661
Clostridium_11	0.17820561069556795086
Clostridium_10	2.21592964335347542004
Clostridium_13	0.76493764815673170876
Clostridium_12	0.39963537745579347238
Clostridium_15	0.00021605049379257735
Corynebacterium_9	0.62585361576845743858
Clostridium_17	0.61065505686998722279
Clostridium_16	0.00010075999355949207
Corynebacterium_4	1.32950190130304379821
Corynebacterium_5	0.55683873435185160528
Corynebacterium_6	0.17657103518849884272
Corynebacterium_7	0.92681841564402989153
Corynebacterium_0	0.51933917455544498232
Corynebacterium_1	0.92681457948407119929
Corynebacterium_2	0.92681221273745217903
Corynebacterium_3	0.27974820407786871179
Kangiella_0	0.48701265144404032315
Halococcus_0	0.06922477681011122985
Slackia_2	0.02200171473534097422
Slackia_0	0.02782857276887899800
Slackia_1	0.00010075946405071854
Sphingobium_0	0.32597430797195525720
Faecalibacterium_4	0.47624498032976553263
Faecalibacterium_2	0.64283598174624512200
Faecalibacterium_3	0.33650618247596109089
Faecalibacterium_0	0.07177927690026306151
Faecalibacterium_1	0.47624728079579148332
Citrobacter_6	1.72116498922255400927
Citrobacter_7	1.65542841364274218030
Citrobacter_4	1.18577087168601957856
Citrobacter_5	1.72116498922862581900
Citrobacter_2	1.70759578391612976134
Citrobacter_3	1.11678295548937578374
Citrobacter_0	1.19837939155486283838
Citrobacter_1	1.16486633920392934627
Varibaculum_0	0.34214612358375995349
Dorea_2	0.00008396669273545808
Dorea_1	0.61153883502609474032
Dorea_0	0.64283598173952405386
Paenibacillus_4	0.60584902344430113796
Paenibacillus_5	0.60585292540934732042
Paenibacillus_0	0.60584902346414359897
Paenibacillus_1	0.00000674006534135051
Paenibacillus_2	0.38142139421373849606
Paenibacillus_3	0.60585195000368929907
Vibrio_4	0.77479968945985810969
Vibrio_2	0.52804778645129324399
Vibrio_3	0.49176070728396009679
Vibrio_0	1.32950190130285528234
Vibrio_1	0.70757037865656835507
Limnobacter_0	0.47065834903338243933
Ruminococcus_9	0.33650618247991953558
Ruminococcus_8	0.29706876136523630016
Ruminococcus_3	0.34933287224724629549
Ruminococcus_2	0.00032607275986535126
Ruminococcus_1	0.31714303968873752693
Ruminococcus_0	0.28687970839376430998
Ruminococcus_7	0.36729289731250558404
Ruminococcus_6	0.39538905392218182122
Ruminococcus_5	0.23167440545246972827
Ruminococcus_4	0.33650618247835900609
Jonesia_0	1.17717494580589887576
Lactobacillus_52	0.31714303969450979848
Bifidobacterium_39	0.92670047170021219163
Bifidobacterium_38	0.48510348347182147277
Bifidobacterium_31	0.48510111787998205779
Bifidobacterium_30	0.00000467419243922202
Bifidobacterium_33	0.00000617684889420920
Bifidobacterium_32	0.48510109414316382459
Bifidobacterium_35	0.50439543539160669461
Bifidobacterium_34	1.30998444166372074449
Bifidobacterium_37	0.48510109403179657583
Bifidobacterium_36	0.48510348348177950717
Candidatus_Azobacteroides_0	0.00032294815754483139
Salmonella_1	1.72116498922115135350
Salmonella_0	0.00129179530911362455
Salmonella_3	1.72116498922161520468
Salmonella_2	1.72116498922186367260
Salmonella_5	0.00018454206058996568
Salmonella_4	0.00018454218345394355
Salmonella_7	1.72116498920158433883
Salmonella_6	0.00018454218596594994
Xenorhabdus_1	1.36328657519510421103
Salmonella_8	0.00043059824094670131
Lachnoclostridium_12	0.47166412383549710663
Leptolyngbya_0	0.08494848049913342192
Streptococcus_26	0.31714355030640817290
Campylobacter_15	0.06870283237282096001
Acidovorax_4	0.93036922013431588852
Acidovorax_1	0.88360921041428153178
Acidovorax_0	0.93036836708570957999
Acidovorax_3	0.93036976272984350800
Acidovorax_2	0.92682309878841639961
Dichelobacter_0	0.00506869492536424823
Lachnoclostridium_11	0.34730527495548141337
Bacteroides_28	0.72846311008831088341
Campylobacter_11	0.08788960135813232710
Campylobacter_12	0.17980107178608970009
Micrococcus_0	0.20773770326624979576
Micrococcus_1	0.48516691817834634026
Synechococcus_0	0.87804365695453434615
Gemella_3	0.02967218052089621444
Gemella_2	0.02958749213908715148
Gemella_1	0.02965626464233825366
Gemella_0	0.57279581053098760357
Campylobacter_18	0.01983722019834931877
Campylobacter_19	0.10753540706860881260
Parasutterella_0	0.01249699518773777530
Parascardovia_0	0.53348400979656696030
Campylobacter_2	0.06918469046858403970
Campylobacter_3	0.03618234504820598552
Campylobacter_0	0.02380613628245881186
Campylobacter_1	0.00385798650598872823
Campylobacter_6	0.00000122356504577140
Campylobacter_7	0.87804365694509489693
Campylobacter_4	0.02864514418860727996
Campylobacter_5	0.08379701294707099513
Campylobacter_8	0.24537126371686032722
Campylobacter_9	0.06007613862455483955
Lautropia_0	0.28631534020232385362
Lysinibacillus_0	0.13186818373578132468
Lysinibacillus_1	0.29714712288248973371
Streptococcus_68	0.00025189999936401286
Streptococcus_69	0.52366964758460676777
Streptococcus_62	0.00005038000094452488
Streptococcus_63	0.31714508224440673967
Streptococcus_60	0.31714508216519127215
Streptococcus_61	0.00005038000135010566
Streptococcus_66	0.51797500664151319150
Streptococcus_67	0.07465741223896510403
Streptococcus_64	0.52366964739293997422
Streptococcus_65	0.00005037999987280271
Arcobacter_0	0.05447406403131694469
Haemophilus_4	0.00032294866412774974
Brochothrix_0	0.81236828565835783600
Bifidobacterium_48	0.48510109404358836560
Pseudoflavonifractor_0	0.24773779554466046626
Chlorobaculum_0	0.00000522221761224261
Chlorobaculum_1	0.00016147426569879296
Coprococcus_3	0.86196847649800867330
Coprococcus_2	0.00005037997696263646
Coprococcus_1	0.63563059003239008593
Coprococcus_0	0.31297013323289524234
Clostridium_28	0.00006297502131928875
Clostridium_29	0.58068950096895111113
Clostridium_24	0.58068950096942972827
Clostridium_25	0.00012594987840591694
Clostridium_26	0.00006297498019203442
Clostridium_27	0.58068950096986771126
Clostridium_20	0.00014211350025561092
Clostridium_21	0.58068950097338845051
Clostridium_22	0.47624237318933693164
Clostridium_23	0.00012594998533113527
Herbaspirillum_0	0.93754520389871298658
Aneurinibacillus_0	0.76495201401002743680
Acholeplasma_0	0.47171578338334058111
Bacillus_37	1.64156946174059670263
Escherichia_50	0.00009936884282609532
Bacillus_30	1.64156946173151152557
Nocardiopsis_0	0.48516695141673493730
Rhizobium_0	0.87804365694862762659
Raoultella_0	1.41361583511574684380
Prevotella_39	0.01392215372298868416
Prevotella_38	0.29724728650988557765
Prevotella_37	0.48509750992803779557
Prevotella_36	0.00000012052809379949
Prevotella_35	0.00043059821258229262
Prevotella_34	0.00032294850658544762
Prevotella_33	0.00032294869929320785
Prevotella_32	0.48510109400168932581
Prevotella_31	0.53348883996261697860
Prevotella_30	0.19337061886897269347
Kingella_0	0.13240129343244991245
Kluyvera_0	1.21600230464315139933
Mobiluncus_4	0.35954250543557031428
Mobiluncus_2	0.00016147446566421530
Mobiluncus_3	0.00001929795547578652
Mobiluncus_0	0.00016147435856668396
Mobiluncus_1	0.41548917268071505760
Abiotrophia_0	0.60584765777531346398
Erysipelothrix_0	0.01425951177711646568
Rhodoferax_0	1.60322650075304617978
Pseudoalteromonas_0	0.09355762909300381625
Enterococcus_10	0.00011195555527289495
Enterococcus_11	0.00022755492797310180
Enterococcus_12	0.00016793333290926888
Enterococcus_13	0.47624344674758839480
Enterococcus_14	0.00018611943723937630
Enterococcus_15	0.00016793333259693374
Enterococcus_16	0.43984668769292473156
Enterococcus_17	0.60585585193405722126
Enterococcus_18	0.31714339715638145689
Enterococcus_19	0.60584999886860202434
Eubacterium_18	0.00005038001321212471
Eubacterium_19	0.34892351844814895045
Fusobacterium_13	0.19463048671690963420
Fusobacterium_12	0.16707521836161620676
Fusobacterium_11	0.00234420705079402400
Eubacterium_11	0.26085231271077780058
Fusobacterium_17	0.21498608746391639768
Fusobacterium_16	0.00008073716991733903
Eubacterium_14	0.33425457821606152642
Eubacterium_15	0.60584609700635227991
Shuttleworthia_0	0.00005037999746537408
Idiomarina_0	0.16660183230523126219
Thermosediminibacter_0	0.00683645571642734796
Renibacterium_0	0.92681385213057343453
Ruminiclostridium_11	0.35827893277172845332
Ruminiclostridium_10	0.34933287224516318403
Ruminiclostridium_13	0.48328829602733247572
Ruminiclostridium_12	0.34573144616633477710
Eggerthia_0	0.31714201833399202624
Pseudomonas_5	0.42889308104143153422
Sulfolobus_0	0.11793243336366585061
Shigella_3	1.72116498922178062791
Lactococcus_4	0.49386087513638926572
Lactococcus_3	0.31714355034100533137
Lactococcus_2	0.00016793333290934299
Lactococcus_1	0.00016793332246638356
Lactococcus_0	0.00016793338179227140
Silanimonas_0	0.10790645085041664086
Parabacteroides_3	0.33952943257864093285
Parabacteroides_2	0.33650618248356967133
Parabacteroides_1	0.33952943258900436518
Parabacteroides_0	0.33650618241849927781
Parabacteroides_7	0.48510109404092371932
Parabacteroides_6	0.50864237443080351220
Parabacteroides_5	0.33952943243779110105
Parabacteroides_4	0.40800539569689492359
Nitrobacter_0	0.16442221102620402373
Pelotomaculum_0	0.00006297502740066527
Oxalobacter_0	0.06378763585299775107
Oxalobacter_1	0.06044057357656867219
Streptococcus_70	0.22120969348836394541
Enterococcus_30	0.60584677974528100552
Enterococcus_31	0.47251991334447585036
Zymoseptoria_0	0.49951310251513475480
Megamonas_0	0.33650618248100683250
Megamonas_1	0.72844696366072470006
Polaribacter_1	1.23725768138287262055
Polaribacter_0	0.06837040178918663003
Clostridium_39	0.00006297498009264463
Clostridium_38	0.72138720985921989115
Stenotrophomonas_0	0.31130710628059454770
Stenotrophomonas_1	0.49072420971613045504
Stenotrophomonas_2	0.48702167281859110037
Stenotrophomonas_3	0.48884229782540200571
Clostridium_33	0.00012595000118912670
Clostridium_31	0.42417570502024531942
Clostridium_30	0.13936787961850036210
Clostridium_37	0.00010075998685309482
Clostridium_36	0.76493543130788765882
Clostridium_35	0.50578489988605435101
Clostridium_34	0.00006297499732082316
Pseudomonas_3	0.93394085995844400294
Thauera_0	0.58129217797447840788
Butyricicoccus_1	0.15538249235646528490
Bacteroides_11	0.33650618248541375177
Bacteroides_10	0.33952943259157691847
Bacteroides_13	0.33952943259242085450
Bacteroides_12	0.00002182714331716429
Bacteroides_15	0.33650618248256308762
Bacteroides_14	0.14574591235775599674
Bacteroides_17	0.64758734682750784817
Bacteroides_16	0.33650618248040381486
Bacteroides_19	0.33650618247894537038
Bacteroides_18	0.48510109404101614539
Aggregatibacter_2	0.00011743588724218600
Aggregatibacter_0	0.57871025664043873604
Aggregatibacter_1	0.00011743589596818558
Treponema_2	0.03070792345077218849
Treponema_1	0.00051671794313679065
Treponema_0	0.00018454210369606535
Escherichia_47	1.72116498921663674260
Escherichia_46	1.72116498921248695098
Escherichia_45	1.72116498922178107200
Escherichia_44	1.72116498921925931143
Escherichia_43	1.18342098317556976284
Paraburkholderia_0	1.17006107469462694581
Paraprevotella_1	0.41437400232218057905
Paraprevotella_0	0.44450944566176936457
Escherichia_49	1.72116498922256644377
Escherichia_48	1.72116498922423621920
Victivallis_0	0.00016147435856667520
Streptomyces_0	0.48889524678657775292
Streptomyces_3	0.93394586939497514777
Streptomyces_2	0.41335530492255684321
Kandleria_0	0.31714263114052859693
Eubacterium_36	0.20368213483463315505
Kytococcus_0	0.34511933108262005110
Prevotella_28	0.00051671794741351166
Prevotella_29	0.18425244023179429553
Prevotella_20	0.18946589733896712637
Prevotella_21	0.53348883996273543939
Prevotella_22	0.53348883996982288114
Prevotella_23	0.26571912791431795409
Prevotella_24	0.72845772785959894691
Prevotella_25	0.00012302806873078979
Prevotella_26	0.53348883996261708962
Prevotella_27	0.00018454222873501668
Arcanobacterium_0	0.53348883996413931641
Listeria_8	0.00010204121103412184
Listeria_9	0.31714304128996384513
Laribacter_0	0.07748620996025844254
Listeria_1	0.31714303970970103563
Listeria_2	0.31714303968115836740
Listeria_3	0.31714303968274237810
Listeria_4	0.00002015200995657120
Listeria_5	0.00010204116630577034
Listeria_6	0.31714303969576301823
Listeria_7	1.64156946173866069572
Oenococcus_0	0.00008107537160052213
Corynebacterium_16	0.13947835984975875956
Corynebacterium_17	0.93393879470509577612
Corynebacterium_14	0.72847208063116897225
Corynebacterium_15	0.31824332984824466042
Enterococcus_29	0.00016793331381753283
Enterococcus_28	0.00011975661811228778
Corynebacterium_10	0.28086209733434280844
Corynebacterium_11	0.60584902344384516937
Enterococcus_25	0.00016793325662182223
Enterococcus_24	0.33650618248122493581
Enterococcus_27	0.61066394115652633534
Enterococcus_26	0.00005559003268848178
Enterococcus_21	0.00016793331381753283
Enterococcus_20	0.00022755492483506518
Enterococcus_23	0.89630761601934549887
Enterococcus_22	0.00016793333306354551
Fusobacterium_22	0.45653735204044726403
Fusobacterium_23	0.03335195720673617137
Fusobacterium_20	0.19754647068537675714
Fusobacterium_21	0.20241801037936046903
Croceibacter_0	0.00016147433901817247
Bulleidia_0	0.24081256033192144361
Chryseobacterium_0	0.39004830631345627223
Salmonella_11	0.00018454218701623192
Salmonella_10	1.72116498922172600494
Salmonella_13	1.72116498923316374459
Brevundimonas_0	0.47673871362254116590
Salmonella_14	1.35449705706307388375
Ruminiclostridium_5	0.12799762801342412510
Ruminiclostridium_4	0.00647746468409178544
Ruminiclostridium_7	0.00003142395392928918
Ruminiclostridium_6	0.00012594999059290708
Ruminiclostridium_1	0.11019313351218716635
Ruminiclostridium_0	0.76494836340716032552
Pediococcus_1	0.16020972695205645819
Pediococcus_0	0.17997915040843470713
Ruminiclostridium_9	0.01376810700861431751
Ruminiclostridium_8	0.08689106852718636587
Bifidobacterium_13	0.00000508154897348689
Bifidobacterium_12	0.00010764961064928000
Bifidobacterium_11	0.34573144615441170346
Bifidobacterium_10	1.24261312811969215630
Bifidobacterium_17	0.00000617683797915991
Bifidobacterium_16	0.48510109397876094439
Bifidobacterium_15	0.34573144610801720411
Bifidobacterium_14	0.33650618246792057819
Bifidobacterium_19	0.48510109339754847735
Bifidobacterium_18	0.00001052943979501905
Mitsuokella_0	1.04437643761004372855
Mitsuokella_1	0.55563867723920434827
Bacillus_49	1.64156946172855833233
Bacillus_48	1.64156946173876039374
Bacillus_45	1.64156946170150219722
Burkholderia_0	0.40615284307886778681
Bacillus_47	0.60584619454850574538
Burkholderia_2	0.92682163842446740887
Bacillus_41	0.61369046567473850562
Bacillus_40	1.64156946173302920045
Bacillus_43	1.64156946173294082669
Bacillus_42	1.64156946169738970909
Capnocytophaga_2	0.24123851524311032413
Brachyspira_3	0.48887772547215663232
Brachyspira_0	0.48887740313892524835
Brachyspira_1	0.46731186243073791209
Pseudomonas_4	0.93394462060036109730
Finegoldia_1	0.32124893982795965641
Finegoldia_0	0.61066394120795253198
Finegoldia_2	0.21764434067299931463
Pseudomonas_6	0.36879683005527985618
Micromonospora_0	0.48511746217210066634
Enterococcus_44	0.43854645011385517961
Pseudomonas_0	0.36363594578817765024
Enterococcus_42	0.00012594998920432065
Bifidobacterium_9	0.35687769215230780162
Bifidobacterium_8	0.92670047114059272975
Pseudomonas_2	0.93394232199724847021
Bifidobacterium_3	0.00000503884096480529
Bifidobacterium_2	0.48510109402772405574
Bifidobacterium_1	0.48510109404851231574
Bifidobacterium_0	0.48510348345839759965
Bifidobacterium_7	0.48510109405157558760
Bifidobacterium_6	0.00016147429966088396
Bifidobacterium_5	0.48510109400226480991
Bifidobacterium_4	0.34879994202628178401
Clavibacter_0	0.93394937528797805637
Bacteroides_9	0.33650618247904706681
Bacteroides_8	0.30597984994766880273
Bacteroides_1	0.33952943259363121964
Bacteroides_0	0.48510109404408763289
Bacteroides_3	0.64861137027291670965
Bacteroides_2	0.48509989929628599681
Bacteroides_5	0.33952943258035800378
Bacteroides_4	0.01309067538491875612
Bacteroides_7	0.33952943258346363065
Bacteroides_6	0.00000901179844074965
Marvinbryantia_0	0.00005037999578256515
Marvinbryantia_1	0.63563059003992061768
Actinomyces_5	0.60585126707620162723
Actinomyces_4	0.33151395855611809349
Actinomyces_7	0.00007598794531696280
Actinomyces_6	0.51189681625850613766
Actinomyces_1	0.24388832056842105200
Actinomyces_0	0.31714697162438437728
Actinomyces_3	0.48511423847012635768
Actinomyces_2	0.48889376980473020495
Actinomyces_9	1.05679969134419660115
Actinomyces_8	0.44313031985465956009
Dialister_1	0.12837363693394765463
Dialister_0	0.01127349597138226599
Peptostreptococcus_0	0.00002651580612353745
Peptostreptococcus_1	0.18889296130818175601
Peptostreptococcus_2	0.47624091615372782238
Escherichia_32	1.72116498920831850761
Escherichia_33	0.00009936887840451376
Escherichia_30	0.00009936886993181726
Escherichia_31	1.72116498922399840943
Escherichia_36	1.72116498920831872965
Escherichia_37	1.64643577782430905465
Escherichia_34	1.72116498921583005455
Escherichia_35	0.00008611968093147552
Escherichia_38	1.72116498922176930364
Escherichia_39	1.35542370687429580833
Butyricimonas_1	0.36084064947528232681
Butyricimonas_0	0.49431281416484890157
Catonella_0	0.00016793332332706872
Lactobacillus_50	0.60584847267935815207
Lactobacillus_51	0.61065505686998744483
Sideroxydans_0	0.48701817528533930535
Lactobacillus_53	0.00016793333290934231
Lactobacillus_54	0.00025745289757909577
Lactobacillus_55	0.00226421255329344604
Lactobacillus_56	0.00007750774984498576
Lactobacillus_57	0.60584609700270652954
Lactobacillus_58	0.00009744579552925099
Lactobacillus_59	0.32978784807384908806
Campylobacter_14	0.29004619019017757742
Lachnoclostridium_13	0.00005038000030572000
Campylobacter_16	0.00437162802775953752
Campylobacter_17	0.04152592562310940955
Campylobacter_10	0.08783372688563739761
Bacteroides_29	0.72845055256490232054
Lachnoclostridium_14	0.55708865238708971113
Campylobacter_13	0.22608929995188120632
Bacteroides_24	0.48510587295545570807
Bacteroides_25	0.33952943262005674807
Bacteroides_26	0.38155732906385581016
Bacteroides_27	0.00000610017275686529
Bacteroides_20	0.33650618247456032250
Bacteroides_21	0.18902823752824426951
Bacteroides_22	0.33952943258942330784
Bacteroides_23	0.31323181142030559476
Erythrobacter_0	1.18906183945310228722
Tatumella_0	0.67097583981294894873
Coprobacillus_4	0.00003148749992050136
Coprobacillus_2	0.63563059003640043354
Coprobacillus_3	0.00025189999936401345
Coprobacillus_0	0.32649174145051468310
Coprobacillus_1	0.00003148749586613583
Dysgonomonas_0	0.72845772785976892205
Methanobrevibacter_0	0.07738945435343749790
Methanobrevibacter_1	0.03646981952405074084
Flavobacterium_1	0.00009227110012276143
Flavobacterium_0	0.19807015621396309446
Hafnia_0	0.71167489092313551691
Enterococcus_38	0.00018611937104917557
Enterococcus_39	0.44463980957546245243
Enterococcus_32	0.03499817769546274132
Enterococcus_33	0.03497069912043933304
Acetomicrobium_0	0.96997031473801664792
Acetomicrobium_1	1.71617374611793449546
Enterococcus_36	0.00016793330248614878
Enterococcus_37	0.31714508217488535102
Enterococcus_34	0.60584999897863001106
Enterococcus_35	0.61065505687156906856
Yersinia_7	0.95311232737556184080
Yersinia_6	0.93393011322502128557
Yersinia_5	0.77099131298418632774
Yersinia_4	0.79984864746830908189
Yersinia_3	0.93393034357967252834
Yersinia_2	0.93393065068173786170
Yersinia_1	1.23917958521789972615
Yersinia_0	0.00006297499857023113
Yersinia_9	0.70223711801594757009
Yersinia_8	0.93393034348808601219
Eubacterium_34	0.63001349427736696995
Eubacterium_35	0.00005038006258590108
Chromobacterium_0	0.00004454464600688083
Eubacterium_37	0.07405234968246070248
Eubacterium_30	0.64283598174147205118
Eubacterium_31	0.00005038003128178066
Eubacterium_32	1.35542370688097446596
Eubacterium_33	0.19072029759225045398
Eubacterium_38	0.00009564374241081264
Eubacterium_39	0.26605962255388326820
Clostridioides_0	0.64283598173406042431
Clostridioides_1	0.00009085574785280499
Clostridioides_2	0.00002798888772442023
Clostridioides_3	0.60584609700047054037
Clostridioides_4	0.00003148756746840192
Clostridioides_5	0.00006297509370476071
Clostridioides_6	0.64283598162799704401
Clostridioides_7	0.00005037999601030704
Clostridioides_8	0.00006297508196303889
Clostridioides_9	0.00030254297135455966
Staphylococcus_42	0.00006297513696572113
Streptococcus_7	0.29564599840379801599
Streptococcus_6	0.00016793321957466706
Streptococcus_5	0.34348972809658928629
Streptococcus_4	0.31714355018556167343
Streptococcus_3	0.00005037999987265777
Streptococcus_2	0.00092431220474944976
Streptococcus_1	0.61066394120360756315
Streptococcus_0	0.00005037999992809463
Thermobispora_0	0.00006151408622790305
Streptococcus_9	0.00025189999915106211
Streptococcus_8	0.00025189999879224225
Mageeibacillus_0	0.00000593457099069124
Brevibacterium_1	0.35925887094738229166
Brevibacterium_0	0.09241605923091363028
Brevibacterium_3	0.07342218676292584789
Brevibacterium_2	0.50842767972145530564
Eikenella_0	0.13362582210701057228
Desulfovibrio_11	0.87804365694862218650
Desulfovibrio_10	0.31154585978051757555
Granulicatella_1	0.25535003846502479785
Eubacterium_10	0.45653735203128653630
Lactobacillus_38	0.45653735204089551658
Candidatus_Stoquefichus_0	0.22885491511975941670
Granulicatella_0	0.26020100766031234452
Rothia_2	0.22710561581151175736
Rothia_3	0.20016957215516331670
Tropheryma_0	0.00501317646608803128
Rothia_1	0.04579165405769539121
Rothia_0	0.44165241160024160116
Rothia_4	0.22627530255371020029
Lactobacillus_39	0.00007750769211200418
Listeria_12	0.31714303970132595722
Listeria_13	0.13278034877258515500
Listeria_10	0.31714304128996384513
Listeria_11	0.31714303977358787590
Listeria_14	0.33650618246311497783
Anaerostipes_3	0.64283598173839451295
Anaerostipes_2	0.31714370352115478502
Anaerostipes_1	0.31714280496616842342
Anaerostipes_0	0.47353781455642618425
Symbiobacterium_0	1.64156946173810180944
Dickeya_0	1.72116498922188587706
Dickeya_1	1.72116498922142180383
Desulfovibrio_9	0.00032294884704322065
Desulfovibrio_8	0.87804365693214825317
Desulfovibrio_3	0.87804365694924713104
Leuconostoc_2	0.34105644200189572102
Desulfovibrio_1	0.87804365695101627143
Desulfovibrio_0	0.16924190033429895030
Desulfovibrio_7	0.30238738983295349039
Desulfovibrio_6	0.00064589765455681889
Desulfovibrio_5	0.00009227105270351927
Leuconostoc_3	0.61065505686998611257
Cellulosilyticum_0	0.74670449801107496857
Leuconostoc_0	0.61065505687035592786
Leptothrix_0	0.92682337642522505394
Simonsiella_0	0.71295829371439334299
Desulfomicrobium_0	0.00032294993302080358
unclassified_Bacteria_0	0.53348400979647481179
unclassified_Bacteria_1	0.00001045928862736132
Escherichia_21	1.53346384918588918289
Escherichia_20	1.72116498922172955766
Escherichia_23	1.72116498922117533432
Escherichia_22	1.72116498921881544426
Escherichia_25	1.69285168192072954518
Escherichia_24	1.72116498921720895154
Escherichia_27	1.72116498921899485630
Escherichia_26	1.03158095558825024796
Escherichia_29	1.72116498921208949113
Escherichia_28	1.72116498918240679039
Staphylococcus_11	1.26508881492028635307
Staphylococcus_10	0.31489476130736615556
Staphylococcus_13	0.00006297499857023113
Staphylococcus_12	0.00006297499268157478
Staphylococcus_15	0.31714109930069439569
Staphylococcus_14	0.31714247504215181683
Staphylococcus_17	0.00006297504995700366
Staphylococcus_16	0.00006297502131928922
Staphylococcus_19	0.00006297502131928919
Staphylococcus_18	0.46724346644035874565
Lactobacillus_43	0.60584609700379199460
Lactobacillus_42	0.45653735204087381172
Lactobacillus_41	0.22936247997423611644
Lactobacillus_40	0.04808750321209184081
Lactobacillus_47	0.23809568366237185422
Lactobacillus_46	0.45653735204209661136
Lactobacillus_45	0.45653735204089535005
Lactobacillus_44	0.60584609700610525529
Lactobacillus_49	0.60584609700358105222
Lactobacillus_48	0.00007665788010141457
Cetobacterium_0	0.63432795113704409928
Bacteroides_39	0.33650618248008146161
Bacteroides_38	0.24535591687909505398
Bacteroides_33	0.24586966869234863631
Bacteroides_32	0.29218276186477820655
Bacteroides_31	0.24586966869234863631
Bacteroides_30	0.48510109409683310755
Bacteroides_37	0.24553071579045193662
Bacteroides_36	0.00043059828951113411
Bacteroides_35	0.48510109418328356545
Bacteroides_34	0.00011743588261603576
Nitrosospira_0	0.00025836101253715450
Mycoplasma_10	0.23235527927424196037
Psychromonas_0	1.05676925517401354426
Lawsonia_0	0.00000108177864518226
Akkermansia_0	0.23329023364586501388
unclassified_Burkholderiales_0	0.01656793235351017995
Fusobacterium_19	0.26951290729308663430
Kurthia_0	0.32289396535679137923
Fusobacterium_18	0.31973824127482525226
Eubacterium_12	0.06545964904340695334
Eubacterium_13	0.47624037951989256490
Klebsiella_7	1.07506208689470295070
Klebsiella_6	1.72116498921599792027
Klebsiella_5	1.72116498922091598622
Klebsiella_4	1.81903679035975329725
Klebsiella_3	2.24581292233005314074
Klebsiella_2	1.72116498921882388196
Klebsiella_1	0.00008611965060714521
Klebsiella_0	1.95169149819515275190
Eubacterium_23	0.31714508223481413518
Eubacterium_22	0.00004198333444864499
Eubacterium_21	0.93035683748335129550
Eubacterium_20	0.00000010732931759342
Eubacterium_27	0.00008107537327315892
Eubacterium_26	0.08709149038359545458
Eubacterium_25	0.33650618248332142546
Eubacterium_24	0.61681024733556555351
Eubacterium_16	0.00018454212408050710
Eubacterium_29	0.33952943260865592334
Eubacterium_28	0.00000537311584514014
Eubacterium_17	0.00004932457955044967
Methylibium_0	0.49078017567849652192
Fusobacterium_15	0.26173817797608622815
Peptoniphilus_6	0.00000002200448261542
Peptoniphilus_7	0.00000042912668891576
Peptoniphilus_4	0.24030261003867955938
Exiguobacterium_0	0.58068950096986038378
Peptoniphilus_2	0.30106070591849221074
Peptoniphilus_3	0.61066394120363198805
Peptoniphilus_0	0.52366711806715959820
Peptoniphilus_1	0.00000003714858725088
Catenibacterium_0	0.33273436676967377279
Eggerthella_0	0.22436062654711944053
Ethanoligenens_0	0.00000002552642252136
Bacillus_8	0.76494466860031540278
Bacillus_9	0.60585585192485813533
Bacillus_4	0.56576528489637201158
Bacillus_5	1.64156946164559913726
Bacillus_6	1.64156946173788420573
Zunongwangia_0	0.28602873736251682724
Bacillus_0	0.60585292539834212366
Bacillus_1	1.64156946171283757430
Bacillus_2	0.60584527791804221319
Bacillus_3	1.64156946173151241375
Atlantibacter_0	0.87129947959640741129
Eggerthella_2	0.07509448088299228163
Eggerthella_3	0.19311492502605442922
Kineococcus_0	0.92682741596797635353
Bacillus_27	0.81238241250623599576
Bacillus_26	1.64156946173866091776
Bacillus_25	0.60584999880864864874
Bacillus_24	0.60584707247759317372
Bacillus_23	0.81237848838607107371
Bacillus_22	1.64156946173151174762
Bacillus_21	1.64156946172094309055
Bacillus_20	0.81236933223368357204
Bacillus_29	0.60585292540817259344
Bacillus_28	1.64156946175622819872
Holdemanella_0	0.33650618248276048528
Azoarcus_0	0.36070379019452708524
Weissella_2	0.16976064552322567280
Weissella_1	0.34105644200239981778
Weissella_0	0.16440109339953412615
Aerococcus_0	0.30454376958059836689
Desulfovibrio_2	0.00032294882727841047
Kordia_0	1.20287623007344568471
Curtobacterium_0	0.34085541550386427856
Sebaldella_0	0.48887996703028602230
Desulfovibrio_4	0.00064589675937724476
Actinomyces_11	0.33587398674095170215
Actinomyces_10	0.00006297544430410882
Actinomyces_13	0.86196847648498442496
Actinomyces_12	0.57607231440599360184
unclassified_Clostridiales_0	0.81111808416929842558
unclassified_Clostridiales_1	0.00000001664367976724
unclassified_Clostridiales_2	0.33299578291096126881
Gordonibacter_1	0.00010764936405127091
Gordonibacter_0	0.04736286394261361721
Nocardia_0	0.48516614029758503568
Rhodococcus_2	1.17008873923935063921
Rhodococcus_0	0.46749042925124473236
Rhodococcus_1	0.46088768348834990851
Escherichia_18	0.00018454218715188310
Escherichia_19	1.52302636126295842800
Escherichia_14	0.00006798924314157349
Escherichia_15	1.72116498922178151609
Escherichia_16	1.72116498914759619154
Sanguibacter_0	0.91290017765171471709
Escherichia_10	1.72116498922178151609
Escherichia_11	0.00009936888560938945
Escherichia_12	1.54372074198749875684
Escherichia_13	1.72116498921899485630
Desulfotomaculum_0	0.00012594930978744286
Paenarthrobacter_0	0.92681848616070972025
Prevotella_8	0.72845593381105067099
Geobacillus_0	0.22697321870691136714
Geobacillus_1	0.47624267991535862432
Prevotella_3	0.48510228875274991056
Prevotella_2	0.72845593382229734125
Prevotella_5	0.48510228876773847650
Prevotella_4	0.49845871168780392368
Prevotella_7	0.53348883996261686757
Prevotella_6	0.72845593378239159588
Cutibacterium_3	0.53348400978958288032
Cutibacterium_2	0.58598115444685783260
Cutibacterium_1	0.72677508410615787593
Cutibacterium_0	0.53348400978958288032
Cutibacterium_6	0.53348400979664578614
Cutibacterium_5	0.53348883996263007923
Cutibacterium_4	0.53348400979670440591
Lactobacillus_76	0.20287025948918693818
Lactobacillus_77	0.60584609700422598078
Lactobacillus_74	0.45653735204149487048
Lactobacillus_75	0.45653735204451861840
Lactobacillus_72	0.00016793333782605434
Lactobacillus_73	0.22174326805241903471
Lactobacillus_70	0.45653735204180284635
Lactobacillus_71	0.45653735204089568311
Roseburia_0	0.60584609700708591529
Roseburia_1	0.33650618248882863126
Roseburia_2	0.34573144616521123140
Roseburia_3	0.00006297497041124242
Grimontia_0	0.34990921320729168054
Aeromonas_1	0.88446453507668465477
Aeromonas_0	0.94583983653000158753
Aeromonas_3	0.98401136224162966126
Aeromonas_2	1.03846390443989000651
Alcaligenes_0	0.32708740675386877017
Alcaligenes_1	0.30897945286691297362
Mycoplasma_3	0.02644000438927658972
Mycoplasma_2	0.53348400978529897376
Mycoplasma_1	0.00064589743426670928
Mycoplasma_0	0.53348400979647481179
Mycoplasma_7	0.02389764446904210290
Mycoplasma_6	0.00849715194225170861
Mycoplasma_5	0.46747301978543970291
Mycoplasma_4	0.00419095472573522386
Mycoplasma_9	0.53348400979425103507
Mycoplasma_8	0.01303195712036336017
Verminephrobacter_0	0.92682061289348161015
Cronobacter_0	1.24262536975632387204
Cronobacter_1	0.93393747503952984079
Saccharomonospora_0	0.00006151408201839287
Corynebacterium_24	2.60287657866099131354
Bradyrhizobium_2	0.92681974894543450727
Corynebacterium_22	2.21596717388667485693
Corynebacterium_21	0.27949345987177448558
Bradyrhizobium_1	1.05581856233458348804
Alloprevotella_0	0.12528184150980931078
Nocardioides_0	0.92682529655214307418
Aeromicrobium_0	0.86664284100278599077
Polaromonas_1	1.45906759288402931851
Polaromonas_0	0.48701982112323649599
Cyanothece_0	0.48700985936894913841
Tsukamurella_0	0.92682299235604703735
Mycobacterium_4	0.92682073142876342242
Mycobacterium_0	0.48516354989752491500
Mycobacterium_1	0.16738841424825792736
Mycobacterium_2	1.64156946173866069572
Mycobacterium_3	0.44342053244666707057
Arthrobacter_0	0.93394392990378649611
Arthrobacter_1	0.92671188326356768172
Bifidobacterium_40	0.64283598173882527949
Bifidobacterium_41	0.48510109404358836560
Bifidobacterium_42	0.48510348346476667158
Bifidobacterium_43	0.48510348346927567587
Bifidobacterium_44	0.34573144617150047830
Bifidobacterium_45	0.48510109331347156525
Bifidobacterium_46	0.48510706767113909166
Bifidobacterium_47	0.34573144615986645123
Bacillus_34	1.64156946173676421274
Bacillus_35	1.64156946167422490568
Bacillus_36	0.81236710855864013858
Thermomonospora_0	0.00006151406233874396
Fusobacterium_10	0.00007176634953805582
Bacillus_31	1.64156946175622819872
Bacillus_32	1.64156946173873552475
Bacillus_33	0.31714342844442483527
Bacillus_38	0.61369054923465793383
Bacillus_39	1.64156946173151041535
Staphylococcus_45	0.00006297499002418643
Filifactor_0	0.10220052201886435650
Lachnoclostridium_10	0.00008396665690876629
Fusobacterium_14	0.23609045694948826988
Geodermatophilus_0	0.48702472861712708951
Sphingomonas_1	1.23561857787077289395
Sphingomonas_0	0.32082577228831288263
Alkalilimnicola_0	0.00025835862018461632
Gordonia_2	0.92672557755890916376
Gordonia_3	0.48516470014851764692
Gordonia_0	0.92672557757731832684
Gordonia_1	0.92671873037374841164
Sulfurihydrogenibium_1	0.15234261966329121218
Sulfurihydrogenibium_0	0.50657346310717765725
Algoriphagus_0	0.26635674524641794747
Staphylococcus_37	0.00006297499268157482
Staphylococcus_36	0.32124910767593989336
Staphylococcus_35	0.61368982740734689951
Staphylococcus_34	0.00006297499576315376
Staphylococcus_33	0.23686966982078566657
Staphylococcus_32	0.00006297504995700359
Staphylococcus_31	0.31714155898269835721
Staphylococcus_30	0.56857387834725592324
Staphylococcus_39	0.00006297501415986058
Staphylococcus_38	0.46131591276205902163
Methanosphaera_0	0.01374131874182203845
Erwinia_3	0.93393471232481739541
Erwinia_2	0.93393487295155830363
Erwinia_1	0.93393597823288942994
Erwinia_0	0.93393472155851198213
Erwinia_4	0.93393487275593156660
Lactobacillus_69	0.28669066943359289290
Lactobacillus_68	0.61065505686998744483
Sutterella_2	0.00012917947690755131
Bacteroides_48	0.33650618248128572052
Sutterella_0	0.02738662266021316127
Sutterella_1	0.02532789538406357219
Lactobacillus_61	0.00053754449999573670
Lactobacillus_60	0.60584609700504898910
Lactobacillus_63	0.45653735204093953692
Lactobacillus_62	0.63115805234288591130
Lactobacillus_65	0.00005037999987280269
Lactobacillus_64	0.00007665778297951867
Lactobacillus_67	0.33986800696603330918
Lactobacillus_66	0.68946575405078247556
Campylobacter_25	0.00012917976402340177
Campylobacter_24	0.08791498786373821983
Campylobacter_21	0.28730602773210189849
Campylobacter_20	0.00012918011737624895
Campylobacter_23	0.00822917087142678930
Campylobacter_22	0.05653488196640181485
Kribbella_0	0.52426640289609016676
Adlercreutzia_0	0.01237580432921103236
Xylanimonas_0	0.92682606101905651297
Succinivibrio_0	0.68806870658189245304
Gardnerella_3	0.00043059828951114441
Gardnerella_2	0.00021987995807651005
Gardnerella_1	0.53348400979672760958
Gardnerella_0	0.08317990325182864075
Escherichia_17	1.55899652964489043860
Subdoligranulum_1	0.00014211347056319466
