Lactobacillus_48	0.55167728436737051290
Leeuwenhoekiella_0	0.40824829046386301723
Caminibacter_0	0.36115755925730758102
Oribacterium_1	0.20000000000000001110
Oribacterium_0	0.47519096331149146550
Oribacterium_2	0.42008402520840293359
Ruminiclostridium_2	0.54772255750516607442
Morganella_0	0.30151134457776362918
Leifsonia_0	0.35355339059327378637
Neisseria_3	0.32444284226152508843
Neisseria_2	0.40824829046386301723
Neisseria_1	0.50000000000000000000
Neisseria_0	0.25819888974716109775
Neisseria_7	0.44721359549995792770
Neisseria_6	0.33333333333333331483
Neisseria_5	0.42008402520840293359
Neisseria_4	0.45883146774112354427
Neisseria_9	0.40824829046386301723
Neisseria_8	0.25000000000000000000
Bordetella_5	0.46291004988627570960
Bordetella_4	0.39223227027636808906
Bordetella_3	0.43301270189221929829
Bordetella_2	0.37796447300922719759
Bordetella_1	0.48038446141526142119
Bordetella_0	0.44721359549995792770
Psychrobacter_1	0.39223227027636808906
Psychrobacter_0	0.35355339059327378637
Psychrobacter_2	0.42008402520840293359
Brachybacterium_1	0.27735009811261457369
Brachybacterium_0	0.36514837167011071628
Staphylococcus_3	0.35355339059327378637
Staphylococcus_2	0.35355339059327378637
Staphylococcus_5	0.25000000000000000000
Staphylococcus_4	0.42008402520840293359
Staphylococcus_7	0.35355339059327378637
Staphylococcus_6	0.25819888974716109775
Staphylococcus_9	0.34299717028501769400
Staphylococcus_8	0.48038446141526142119
Dechloromonas_0	0.40824829046386301723
Comamonas_0	0.40824829046386301723
Comamonas_1	0.37796447300922719759
Staphylococcus_28	0.40824829046386301723
Staphylococcus_29	0.25000000000000000000
Staphylococcus_20	0.35355339059327378637
Staphylococcus_21	0.34299717028501769400
Staphylococcus_22	0.36514837167011071628
Staphylococcus_23	0.25000000000000000000
Staphylococcus_24	0.48507125007266593819
Staphylococcus_25	0.35355339059327378637
Staphylococcus_26	0.36514837167011071628
Staphylococcus_27	0.25819888974716109775
Lactobacillus_18	0.56195148694901631004
Lactobacillus_19	0.48795003647426660187
Lactobacillus_14	0.52223296786709350048
Dehalococcoides_0	0.50000000000000000000
Lactobacillus_16	0.62017367294604230921
Lactobacillus_17	0.37796447300922719759
Lactobacillus_10	0.57735026918962573106
Lactobacillus_11	0.00000000000000000000
Lactobacillus_12	0.44721359549995792770
Lactobacillus_13	0.32163376045133845738
Fusobacterium_7	0.53452248382484879308
Fusobacterium_6	0.44721359549995792770
Fusobacterium_5	0.40824829046386301723
Fusobacterium_4	0.50917507721731558590
Fusobacterium_3	0.50000000000000000000
Fusobacterium_2	0.51639777949432219550
Fusobacterium_1	0.28867513459481286553
Fusobacterium_0	0.34299717028501769400
Fusobacterium_9	0.53452248382484879308
Fusobacterium_8	0.51639777949432219550
unclassified_Melainabacteria_0	0.36927447293799819938
Paeniclostridium_0	0.36115755925730758102
Tannerella_1	0.47140452079103167815
Tannerella_0	0.50000000000000000000
Trueperella_0	0.30860669992418382490
Phascolarctobacterium_0	0.00000000000000000000
Yersinia_14	0.50000000000000000000
Yersinia_13	0.30151134457776362918
Yersinia_12	0.42640143271122088464
Yersinia_11	0.50000000000000000000
Yersinia_10	0.50000000000000000000
Oligotropha_0	0.42008402520840293359
Pedobacter_0	0.39223227027636808906
Porphyromonas_4	0.48989794855663559847
Helicobacter_8	0.00000000000000000000
Helicobacter_9	0.00000000000000000000
Helicobacter_2	0.51298917604257698866
Helicobacter_3	0.46499055497527713721
Helicobacter_0	0.00000000000000000000
Helicobacter_1	0.51298917604257698866
Helicobacter_6	0.54772255750516607442
Helicobacter_7	0.52223296786709350048
Helicobacter_4	0.52223296786709350048
Helicobacter_5	0.52223296786709350048
Aliivibrio_0	0.44721359549995792770
Microbacterium_2	0.35355339059327378637
Microbacterium_1	0.39223227027636808906
Microbacterium_0	0.37796447300922719759
Lachnospira_0	0.22360679774997896385
Thauera_0	0.42640143271122088464
Paracoccus_0	0.28867513459481286553
Barnesiella_0	0.36927447293799819938
Heliobacterium_0	0.48795003647426660187
Bacillus_18	0.27735009811261457369
Bacillus_19	0.26726124191242439654
Bacillus_16	0.00000000000000000000
Bacillus_17	0.40824829046386301723
Bacillus_14	0.39223227027636808906
Bacillus_15	0.00000000000000000000
Bacillus_12	0.00000000000000000000
Bacillus_13	0.48038446141526142119
Bacillus_10	0.40824829046386301723
Bacillus_11	0.25819888974716109775
Methyloversatilis_0	0.27735009811261457369
Methyloversatilis_1	0.36514837167011071628
Bacteroides_14	0.50000000000000000000
Pseudarthrobacter_0	0.53452248382484879308
Staphylococcus_46	0.00000000000000000000
Staphylococcus_47	0.47140452079103167815
Haemophilus_3	0.37796447300922719759
Lactobacillus_8	0.47673129462279617563
Lactobacillus_9	0.53452248382484879308
Lactobacillus_2	0.56796183424706481180
Lactobacillus_3	0.42008402520840293359
Lactobacillus_0	0.50000000000000000000
Lactobacillus_1	0.51639777949432219550
Lactobacillus_6	0.41702882811414954123
Lactobacillus_7	0.57735026918962573106
Lactobacillus_4	0.31622776601683794118
Lactobacillus_5	0.58976782461958854320
Haemophilus_7	0.51075391845524920065
Haemophilus_6	0.40824829046386301723
Bartonella_1	0.38729833462074170214
Bartonella_0	0.35355339059327378637
Enterococcus_8	0.57735026918962573106
Enterococcus_9	0.39735970711951312806
Enterococcus_2	0.47140452079103167815
Enterococcus_3	0.56407607481776622649
Enterococcus_0	0.50000000000000000000
Enterococcus_1	0.44721359549995792770
Enterococcus_6	0.56407607481776622649
Enterococcus_7	0.47434164902525688401
Enterococcus_4	0.51298917604257698866
Enterococcus_5	0.57735026918962573106
Holdemania_1	0.42008402520840293359
Holdemania_0	0.51639777949432219550
Stigmatella_0	0.26726124191242439654
Cupriavidus_1	0.42640143271122088464
Cupriavidus_0	0.46291004988627570960
Nitrososphaera_0	0.32444284226152508843
Anaerococcus_4	0.43033148291193518142
Anaerococcus_1	0.39223227027636808906
Anaerococcus_0	0.41702882811414954123
Anaerococcus_3	0.50000000000000000000
Anaerococcus_2	0.38490017945975052438
Shigella_0	0.50000000000000000000
Shigella_1	0.50000000000000000000
Shigella_2	0.50000000000000000000
Thermobifida_0	0.40824829046386301723
Staphylococcus_58	0.42008402520840293359
Staphylococcus_55	0.34299717028501769400
Staphylococcus_54	0.36514837167011071628
Staphylococcus_57	0.25000000000000000000
Staphylococcus_56	0.35355339059327378637
Staphylococcus_51	0.35355339059327378637
Staphylococcus_50	0.25000000000000000000
Staphylococcus_53	0.47140452079103167815
Staphylococcus_52	0.39735970711951312806
Blautia_8	0.00000000000000000000
Blautia_9	0.00000000000000000000
Blautia_6	0.00000000000000000000
Blautia_7	0.33333333333333331483
Blautia_4	0.38729833462074170214
Blautia_5	0.00000000000000000000
Blautia_2	0.00000000000000000000
Blautia_3	0.33333333333333331483
Blautia_0	0.39735970711951312806
Blautia_1	0.00000000000000000000
Turicibacter_0	0.46625240412015689362
Acetoanaerobium_0	0.00000000000000000000
Sulfurospirillum_0	0.42008402520840293359
Novosphingobium_0	0.37796447300922719759
Escherichia_41	0.40824829046386301723
Paraprevotella_0	0.43301270189221929829
Clostridium_44	0.35355339059327378637
Clostridium_45	0.51075391845524920065
Proteus_0	0.40824829046386301723
Proteus_1	0.40824829046386301723
Mannheimia_0	0.42008402520840293359
Alkaliphilus_0	0.33333333333333331483
Alkaliphilus_1	0.56407607481776622649
Victivallis_0	0.51075391845524920065
Peptoniphilus_5	0.47140452079103167815
Caldicellulosiruptor_0	0.47673129462279617563
Dethiosulfovibrio_0	0.51075391845524920065
Beggiatoa_0	0.70710678118654757274
Robiginitalea_0	0.37796447300922719759
Veillonella_1	0.39735970711951312806
Veillonella_0	0.00000000000000000000
Veillonella_3	0.00000000000000000000
Veillonella_2	0.00000000000000000000
Veillonella_5	0.32444284226152508843
Veillonella_4	0.33333333333333331483
Veillonella_7	0.38729833462074170214
Veillonella_6	0.33333333333333331483
Roseiflexus_0	0.36514837167011071628
Mesoplasma_0	0.52522573143889017544
Zymomonas_0	0.44721359549995792770
Escherichia_8	0.50000000000000000000
Escherichia_9	0.33333333333333331483
Escherichia_2	0.39223227027636808906
Escherichia_3	0.50000000000000000000
Escherichia_0	0.37796447300922719759
Escherichia_1	0.00000000000000000000
Escherichia_6	0.37796447300922719759
Escherichia_7	0.50000000000000000000
Escherichia_4	0.39223227027636808906
Escherichia_5	0.50000000000000000000
Gemmata_0	0.35355339059327378637
Bacillus_7	0.40824829046386301723
Streptococcus_50	0.43643578047198472447
Centipeda_0	0.49386479832479479590
Delftia_0	0.00000000000000000000
Shewanella_0	0.44721359549995792770
Porphyromonas_3	0.57735026918962573106
Porphyromonas_2	0.51075391845524920065
Porphyromonas_1	0.73379938570534275488
Porphyromonas_0	0.50000000000000000000
Porphyromonas_6	0.57735026918962573106
Porphyromonas_5	0.58554004376911994445
Staphylococcus_0	0.00000000000000000000
Listeria_0	0.00000000000000000000
Peptoanaerobacter_0	0.36927447293799819938
Haemophilus_8	0.35355339059327378637
Propionibacterium_0	0.00000000000000000000
Staphylococcus_48	0.42008402520840293359
Staphylococcus_49	0.25819888974716109775
Haemophilus_1	0.32444284226152508843
Haemophilus_0	0.34299717028501769400
Staphylococcus_44	0.36514837167011071628
Haemophilus_2	0.48666426339228757714
Haemophilus_5	0.00000000000000000000
Staphylococcus_43	0.35355339059327378637
Staphylococcus_40	0.44721359549995792770
Staphylococcus_41	0.42008402520840293359
Roseomonas_0	0.33333333333333331483
Lactobacillus_32	0.55470019622522914737
Lactobacillus_33	0.36927447293799819938
Lactobacillus_30	0.51639777949432219550
Lactobacillus_31	0.55470019622522914737
Lactobacillus_36	0.53452248382484879308
Lactobacillus_37	0.44721359549995792770
Lactobacillus_34	0.48038446141526142119
Lactobacillus_35	0.44721359549995792770
Thiobacillus_0	0.35355339059327378637
Lactobacillus_38	0.54232614454664040959
Lactobacillus_39	0.58976782461958854320
Clostridium_42	0.31622776601683794118
Clostridium_43	0.31622776601683794118
Clostridium_40	0.33333333333333331483
Clostridium_41	0.43301270189221929829
Blastococcus_0	0.24253562503633296910
Nitrosomonas_0	0.34299717028501769400
Enhydrobacter_0	0.40824829046386301723
Nakamurella_0	0.25000000000000000000
Cedecea_0	0.31622776601683794118
Nevskia_0	0.00000000000000000000
Jonquetella_0	0.44721359549995792770
Atopobium_2	0.50000000000000000000
Atopobium_3	0.42257712736425828703
Atopobium_0	0.47140452079103167815
Atopobium_1	0.55470019622522914737
Pectobacterium_0	0.40824829046386301723
Neisseria_17	0.26726124191242439654
Neisseria_16	0.47140452079103167815
Neisseria_15	0.43643578047198472447
Neisseria_14	0.51639777949432219550
Neisseria_13	0.48507125007266593819
Neisseria_12	0.36514837167011071628
Neisseria_11	0.36514837167011071628
Neisseria_10	0.25000000000000000000
Neisseria_18	0.48507125007266593819
Rhodothermus_0	0.44721359549995792770
Selenomonas_2	0.39223227027636808906
Selenomonas_3	0.31622776601683794118
Selenomonas_0	0.00000000000000000000
Selenomonas_1	0.53881590608032470247
Selenomonas_4	0.38729833462074170214
Selenomonas_5	0.40824829046386301723
Yokenella_0	0.28867513459481286553
Cryptobacterium_0	0.42640143271122088464
Anaerofustis_0	0.30151134457776362918
Butyrivibrio_1	0.00000000000000000000
Butyrivibrio_0	0.39223227027636808906
unclassified_Erysipelotrichaceae_3	0.00000000000000000000
unclassified_Erysipelotrichaceae_2	0.38729833462074170214
unclassified_Erysipelotrichaceae_1	0.38729833462074170214
unclassified_Erysipelotrichaceae_0	0.00000000000000000000
Cloacibacillus_0	0.32444284226152508843
Clostridium_9	0.36514837167011071628
Clostridium_8	0.36514837167011071628
Clostridium_1	0.32444284226152508843
Clostridium_0	0.52915026221291816544
Clostridium_3	0.47140452079103167815
Clostridium_2	0.00000000000000000000
Clostridium_5	0.43301270189221929829
Clostridium_4	0.50000000000000000000
Clostridium_7	0.50000000000000000000
Clostridium_6	0.56568542494923801378
Corynebacterium_4	0.33333333333333331483
Corynebacterium_5	0.54232614454664040959
Acidobacterium_0	0.31622776601683794118
Herminiimonas_0	0.44721359549995792770
Streptococcus_19	0.42008402520840293359
Streptococcus_18	0.48507125007266593819
Streptococcus_13	0.32444284226152508843
Streptococcus_12	0.32444284226152508843
Streptococcus_11	0.22941573387056177213
Streptococcus_10	0.32444284226152508843
Streptococcus_17	0.36115755925730758102
Streptococcus_16	0.43301270189221929829
Streptococcus_15	0.23570226039551583908
Streptococcus_14	0.30151134457776362918
Pseudomonas_18	0.51639777949432219550
Pseudomonas_19	0.46291004988627570960
Pseudomonas_16	0.31622776601683794118
Pseudomonas_17	0.46291004988627570960
Pseudomonas_14	0.51639777949432219550
Pseudomonas_15	0.46291004988627570960
Pseudomonas_12	0.50000000000000000000
Pseudomonas_13	0.46291004988627570960
Pseudomonas_10	0.48038446141526142119
Pseudomonas_11	0.40824829046386301723
Afipia_1	0.44721359549995792770
Afipia_0	0.00000000000000000000
Enterococcus_29	0.55167728436737051290
Enterococcus_28	0.55167728436737051290
Lachnoclostridium_0	0.42008402520840293359
Lachnoclostridium_1	0.34299717028501769400
Lachnoclostridium_2	0.00000000000000000000
Lachnoclostridium_3	0.00000000000000000000
Lachnoclostridium_4	0.00000000000000000000
Lachnoclostridium_5	0.31622776601683794118
Lachnoclostridium_6	0.42008402520840293359
Lachnoclostridium_7	0.00000000000000000000
Lachnoclostridium_8	0.00000000000000000000
Lachnoclostridium_9	0.42008402520840293359
Methanomassiliicoccus_0	0.28867513459481286553
Enterococcus_23	0.25000000000000000000
Enterococcus_22	0.35355339059327378637
Flavonifractor_0	0.40000000000000002220
Lactobacillus_25	0.43301270189221929829
Lactobacillus_24	0.40824829046386301723
Lactobacillus_27	0.56568542494923801378
Lactobacillus_26	0.55048188256318031364
Lactobacillus_21	0.38729833462074170214
Lactobacillus_20	0.54433105395181735631
Lactobacillus_23	0.56407607481776622649
Lactobacillus_22	0.00000000000000000000
Lactobacillus_29	0.59999999999999997780
Lactobacillus_28	0.40824829046386301723
Syntrophothermus_0	0.57735026918962573106
Moorella_0	0.40824829046386301723
Lactobacillus_15	0.55167728436737051290
Candidatus_Sulcia_2	0.53160953307119496181
Synechococcus_1	0.35355339059327378637
Candidatus_Carsonella_0	0.53748384988656994210
Leptotrichia_2	0.48795003647426660187
Brochothrix_0	0.34299717028501769400
Leptotrichia_0	0.25000000000000000000
Faecalicoccus_0	0.28867513459481286553
Streptobacillus_0	0.54433105395181735631
Prevotella_42	0.52522573143889017544
Prevotella_40	0.66953406341198618001
Tsukamurella_0	0.50000000000000000000
Desulfitobacterium_0	0.48038446141526142119
Desulfitobacterium_1	0.50000000000000000000
Moraxella_0	0.23570226039551583908
Solobacterium_1	0.42257712736425828703
Solobacterium_0	0.43033148291193518142
Providencia_0	0.00000000000000000000
Providencia_1	0.00000000000000000000
Providencia_2	0.00000000000000000000
Providencia_3	0.00000000000000000000
Pseudomonas_8	0.48038446141526142119
Pseudomonas_9	0.48038446141526142119
Brevibacillus_3	0.00000000000000000000
Pseudomonas_5	0.37796447300922719759
Pseudomonas_6	0.30151134457776362918
Pseudomonas_7	0.46291004988627570960
Enterococcus_43	0.43643578047198472447
Pseudomonas_1	0.40824829046386301723
Pseudomonas_2	0.46291004988627570960
Pseudomonas_3	0.48038446141526142119
Oceanobacillus_0	0.00000000000000000000
Parvimonas_0	0.45883146774112354427
Brevundimonas_1	0.27735009811261457369
Salmonella_12	0.48038446141526142119
Leuconostoc_4	0.53452248382484879308
Leuconostoc_2	0.00000000000000000000
Hungatella_1	0.42008402520840293359
Leuconostoc_0	0.41702882811414954123
Leuconostoc_1	0.51075391845524920065
Rhodopseudomonas_1	0.51639777949432219550
Rhodopseudomonas_0	0.44721359549995792770
Rhodopseudomonas_3	0.48038446141526142119
Rhodopseudomonas_2	0.39223227027636808906
Rhodopseudomonas_5	0.37796447300922719759
Rhodopseudomonas_4	0.37796447300922719759
Candidatus_Desulforudis_0	0.32444284226152508843
Histophilus_0	0.39735970711951312806
Streptococcus_28	0.38729833462074170214
Streptococcus_29	0.51298917604257698866
Thiomonas_0	0.40824829046386301723
Streptococcus_27	0.55167728436737051290
Streptococcus_24	0.43852900965351460094
Streptococcus_25	0.24253562503633296910
Streptococcus_22	0.44721359549995792770
Streptococcus_23	0.44721359549995792770
Streptococcus_20	0.22941573387056177213
Streptococcus_21	0.44721359549995792770
Chania_0	0.31622776601683794118
Cellulomonas_0	0.43301270189221929829
Achromobacter_0	0.40824829046386301723
Erysipelatoclostridium_3	0.00000000000000000000
Erysipelatoclostridium_2	0.26726124191242439654
Erysipelatoclostridium_1	0.00000000000000000000
Erysipelatoclostridium_0	0.00000000000000000000
Erysipelatoclostridium_4	0.22360679774997896385
Actinosynnema_0	0.44721359549995792770
Kocuria_0	0.33333333333333331483
Kocuria_1	0.42008402520840293359
Pseudobutyrivibrio_0	0.32444284226152508843
Pediococcus_2	0.55167728436737051290
Pediococcus_1	0.54006172486732173521
Leminorella_0	0.00000000000000000000
Bacteroides_49	0.43301270189221929829
Bacteroides_46	0.00000000000000000000
Bacteroides_47	0.00000000000000000000
Bacteroides_44	0.40824829046386301723
Bacteroides_45	0.00000000000000000000
Bacteroides_42	0.00000000000000000000
Bacteroides_43	0.00000000000000000000
Bacteroides_40	0.46291004988627570960
Bacteroides_41	0.00000000000000000000
Brevibacillus_1	0.00000000000000000000
Edwardsiella_0	0.48038446141526142119
Edwardsiella_1	0.00000000000000000000
Edwardsiella_2	0.48038446141526142119
Edwardsiella_3	0.00000000000000000000
Sanguibacter_0	0.48507125007266593819
Cardiobacterium_0	0.35355339059327378637
Thermosinus_0	0.48795003647426660187
Burkholderia_1	0.52223296786709350048
Bacillus_44	0.40824829046386301723
Bacillus_47	0.00000000000000000000
Burkholderia_2	0.52223296786709350048
Bacillus_40	0.40824829046386301723
unclassified_Erysipelotrichaceae_4	0.38729833462074170214
Ruminococcus_11	0.37796447300922719759
Ruminococcus_10	0.00000000000000000000
Capnocytophaga_2	0.56407607481776622649
Capnocytophaga_3	0.56407607481776622649
Capnocytophaga_0	0.58834840541455213359
Capnocytophaga_1	0.57735026918962573106
Photobacterium_0	0.40824829046386301723
Odoribacter_0	0.42008402520840293359
Odoribacter_1	0.26726124191242439654
Alistipes_4	0.26726124191242439654
Alistipes_0	0.55901699437494745126
Alistipes_1	0.25000000000000000000
Alistipes_2	0.31622776601683794118
Alistipes_3	0.31622776601683794118
Escherichia_17	0.00000000000000000000
Candidatus_Phytoplasma_0	0.43301270189221929829
Candidatus_Phytoplasma_1	0.46770717334674266619
Pseudomonas_30	0.44721359549995792770
Pseudogulbenkiania_0	0.48507125007266593819
Paraclostridium_0	0.37796447300922719759
Pantoea_0	0.40824829046386301723
Streptococcus_31	0.31622776601683794118
Streptococcus_30	0.47140452079103167815
Streptococcus_33	0.42008402520840293359
Streptococcus_32	0.00000000000000000000
Streptococcus_35	0.54006172486732173521
Streptococcus_34	0.42008402520840293359
Streptococcus_37	0.39735970711951312806
Streptococcus_36	0.38729833462074170214
Streptococcus_39	0.51887452166277081567
Streptococcus_38	0.22941573387056177213
Acidaminococcus_2	0.28867513459481286553
Acidaminococcus_1	0.28867513459481286553
Acidaminococcus_0	0.34299717028501769400
Prevotella_9	0.56694670951384085189
Ralstonia_3	0.46291004988627570960
Ralstonia_2	0.39223227027636808906
Ralstonia_1	0.40824829046386301723
Ralstonia_0	0.40824829046386301723
Ralstonia_6	0.40824829046386301723
Ralstonia_5	0.39223227027636808906
Ralstonia_4	0.00000000000000000000
Saccharopolyspora_0	0.35355339059327378637
Synergistes_0	0.36927447293799819938
Blattabacterium_0	0.63245553203367588235
Ochrobactrum_0	0.26726124191242439654
Carnobacterium_0	0.57735026918962573106
Geobacillus_0	0.40824829046386301723
Geobacillus_1	0.25000000000000000000
Dokdonia_0	0.53452248382484879308
Bacteroides_59	0.45883146774112354427
Bacteroides_58	0.00000000000000000000
Bacteroides_55	0.00000000000000000000
Bacteroides_54	0.00000000000000000000
Bacteroides_57	0.00000000000000000000
Bacteroides_56	0.00000000000000000000
Bacteroides_51	0.00000000000000000000
Bacteroides_50	0.00000000000000000000
Bacteroides_53	0.35355339059327378637
Bacteroides_52	0.46625240412015689362
Trabulsiella_0	0.40824829046386301723
Bifidobacterium_0	0.20851441405707477061
Helicobacter_10	0.54772255750516607442
Helicobacter_11	0.50000000000000000000
Helicobacter_12	0.52704627669472992046
Helicobacter_13	0.23570226039551583908
Helicobacter_14	0.46291004988627570960
Helicobacter_15	0.00000000000000000000
Bilophila_0	0.36927447293799819938
Bilophila_1	0.00000000000000000000
Caldanaerobacter_0	0.35355339059327378637
Caldanaerobacter_1	0.37796447300922719759
Xanthomonas_0	0.53452248382484879308
Clostridioides_10	0.00000000000000000000
Anaerobiospirillum_0	0.31622776601683794118
Thermanaerovibrio_0	0.40824829046386301723
Lactobacillus_78	0.53452248382484879308
Acinetobacter_0	0.47140452079103167815
Acinetobacter_1	0.37796447300922719759
Acinetobacter_2	0.46291004988627570960
Acinetobacter_3	0.26726124191242439654
Acinetobacter_4	0.00000000000000000000
Acinetobacter_5	0.00000000000000000000
Acinetobacter_6	0.43301270189221929829
Acinetobacter_7	0.25819888974716109775
Acinetobacter_8	0.25819888974716109775
Acinetobacter_9	0.40824829046386301723
Janibacter_0	0.48795003647426660187
Macrococcus_0	0.43301270189221929829
Eubacterium_44	0.54232614454664040959
Plesiomonas_0	0.31622776601683794118
Eubacterium_41	0.43301270189221929829
Eubacterium_40	0.23570226039551583908
Eubacterium_43	0.49236596391733095102
Eubacterium_42	0.51887452166277081567
Faecalitalea_0	0.38490017945975052438
Megasphaera_0	0.50917507721731558590
Megasphaera_1	0.00000000000000000000
Megasphaera_2	0.43033148291193518142
Acidipropionibacterium_1	0.36514837167011071628
Acidipropionibacterium_0	0.42008402520840293359
Basfia_0	0.47140452079103167815
Alcaligenes_1	0.00000000000000000000
Candidatus_Riesia_0	0.58554004376911994445
Dermacoccus_0	0.30860669992418382490
Sphingopyxis_0	0.42640143271122088464
Gramella_0	0.46291004988627570960
Pseudomonas_27	0.44721359549995792770
Pseudomonas_26	0.46291004988627570960
Pseudomonas_25	0.30151134457776362918
Pseudomonas_24	0.48507125007266593819
Pseudomonas_23	0.40824829046386301723
Pseudomonas_22	0.46291004988627570960
Pseudomonas_21	0.46291004988627570960
Pseudomonas_20	0.40824829046386301723
Pseudomonas_29	0.48038446141526142119
Pseudomonas_28	0.51639777949432219550
Collinsella_0	0.43643578047198472447
Collinsella_1	0.42640143271122088464
Collinsella_2	0.39735970711951312806
Collinsella_3	0.21821789023599236224
Pasteurella_0	0.34299717028501769400
Pasteurella_1	0.39735970711951312806
Streptococcus_44	0.32444284226152508843
Streptococcus_45	0.52915026221291816544
Streptococcus_46	0.50917507721731558590
Streptococcus_47	0.44721359549995792770
Streptococcus_40	0.43643578047198472447
Streptococcus_41	0.43643578047198472447
Streptococcus_42	0.38729833462074170214
Streptococcus_43	0.42008402520840293359
Streptococcus_48	0.32444284226152508843
Streptococcus_49	0.44721359549995792770
Aromatoleum_0	0.27735009811261457369
Enterobacter_8	0.37796447300922719759
Enterobacter_1	0.00000000000000000000
Enterobacter_0	0.00000000000000000000
Enterobacter_3	0.42640143271122088464
Enterobacter_2	0.00000000000000000000
Enterobacter_5	0.00000000000000000000
Enterobacter_4	0.65828058860438332101
Enterobacter_7	0.00000000000000000000
Enterobacter_6	0.39223227027636808906
Succinatimonas_0	0.00000000000000000000
Anaerotruncus_0	0.35355339059327378637
Azotobacter_0	0.50000000000000000000
Bacteroides_60	0.37796447300922719759
Pyramidobacter_0	0.42257712736425828703
Pseudopropionibacterium_0	0.24253562503633296910
Staphylococcus_1	0.25819888974716109775
Eubacterium_0	0.00000000000000000000
Eubacterium_1	0.47140452079103167815
Eubacterium_2	0.56949479745149944598
Eubacterium_3	0.49236596391733095102
Eubacterium_4	0.56407607481776622649
Eubacterium_5	0.37796447300922719759
Eubacterium_6	0.46056618647183827919
Eubacterium_7	0.30151134457776362918
Eubacterium_8	0.56309250637147301166
Eubacterium_9	0.52704627669472992046
Ureibacillus_0	0.25000000000000000000
Pseudoramibacter_0	0.36927447293799819938
Atlantibacter_0	0.28867513459481286553
Eggerthella_1	0.35355339059327378637
Eggerthella_2	0.21821789023599236224
Candidatus_Sulcia_1	0.46852128566581818792
Citromicrobium_0	0.44721359549995792770
Prevotella_11	0.84515425472851657407
Prevotella_10	0.54433105395181735631
Prevotella_13	0.60553007081949827839
Prevotella_12	0.47140452079103167815
Prevotella_15	0.65044363558799089819
Prevotella_14	0.64326752090267691475
Prevotella_17	0.65828058860438332101
Prevotella_16	0.43643578047198472447
Prevotella_19	0.24253562503633296910
Prevotella_18	0.00000000000000000000
Xenorhabdus_0	0.46291004988627570960
Leuconostoc_3	0.35355339059327378637
Dietzia_0	0.34299717028501769400
Stackebrandtia_0	0.46291004988627570960
Intestinibacter_0	0.00000000000000000000
Clostridium_15	0.61721339984836764980
Alicycliphilus_0	0.34299717028501769400
Tyzzerella_0	0.00000000000000000000
Roseobacter_0	0.43301270189221929829
Ureaplasma_0	0.54006172486732173521
Ureaplasma_1	0.50800050800076201885
Ureaplasma_2	0.54006172486732173521
Ureaplasma_3	0.51639777949432219550
Brevibacillus_2	0.00000000000000000000
Cellulosimicrobium_0	0.41702882811414954123
Bifidobacterium_28	0.29488391230979427160
Bifidobacterium_29	0.28867513459481286553
Bifidobacterium_22	0.30151134457776362918
Bifidobacterium_23	0.00000000000000000000
Bifidobacterium_20	0.32444284226152508843
Bifidobacterium_21	0.50000000000000000000
Bifidobacterium_27	0.30151134457776362918
Bifidobacterium_25	0.30151134457776362918
Brevibacillus_0	0.00000000000000000000
Methylobacterium_1	0.37796447300922719759
Methylobacterium_0	0.36514837167011071628
Methylobacterium_3	0.27735009811261457369
Methylobacterium_2	0.30151134457776362918
Actinobacillus_2	0.00000000000000000000
Actinobacillus_3	0.39735970711951312806
Actinobacillus_0	0.40824829046386301723
Actinobacillus_1	0.44721359549995792770
Actinobacillus_4	0.42008402520840293359
Actinobacillus_5	0.34299717028501769400
Corynebacterium_23	0.34299717028501769400
Bradyrhizobium_3	0.30151134457776362918
Corynebacterium_21	0.31622776601683794118
Bradyrhizobium_1	0.48038446141526142119
Acinetobacter_10	0.42008402520840293359
Beutenbergia_0	0.48038446141526142119
Borreliella_0	0.47809144373375744852
Streptococcus_57	0.52915026221291816544
Streptococcus_56	0.24253562503633296910
Streptococcus_55	0.55048188256318031364
Streptococcus_54	0.00000000000000000000
Streptococcus_53	0.52704627669472992046
Streptococcus_52	0.00000000000000000000
Streptococcus_51	0.27735009811261457369
Janthinobacterium_0	0.36514837167011071628
Olsenella_1	0.22941573387056177213
Olsenella_0	0.40824829046386301723
Streptococcus_59	0.53802758684897034058
Streptococcus_58	0.40824829046386301723
Kallipyga_0	0.49130368444051747412
Dictyoglomus_0	0.36927447293799819938
Dictyoglomus_1	0.23570226039551583908
Serratia_2	0.48038446141526142119
Serratia_3	0.50000000000000000000
Serratia_0	0.30151134457776362918
Serratia_1	0.46291004988627570960
Clostridium_11	0.50000000000000000000
Clostridium_10	0.00000000000000000000
Clostridium_13	0.00000000000000000000
Clostridium_12	0.40824829046386301723
Corynebacterium_8	0.39735970711951312806
Corynebacterium_9	0.48507125007266593819
Clostridium_17	0.36927447293799819938
Clostridium_16	0.50000000000000000000
Clostridium_19	0.22941573387056177213
Clostridium_18	0.44721359549995792770
Corynebacterium_6	0.40824829046386301723
Corynebacterium_7	0.32444284226152508843
Corynebacterium_0	0.35355339059327378637
Corynebacterium_1	0.33333333333333331483
Corynebacterium_2	0.36514837167011071628
Corynebacterium_3	0.40824829046386301723
Kangiella_0	0.43643578047198472447
Halococcus_0	0.35355339059327378637
Slackia_2	0.28284271247461900689
Slackia_0	0.43852900965351460094
Slackia_1	0.54772255750516607442
Sphingobium_0	0.40824829046386301723
Faecalibacterium_4	0.00000000000000000000
Faecalibacterium_2	0.00000000000000000000
Faecalibacterium_3	0.00000000000000000000
Faecalibacterium_0	0.38729833462074170214
Faecalibacterium_1	0.00000000000000000000
Citrobacter_6	0.50000000000000000000
Citrobacter_7	0.00000000000000000000
Citrobacter_4	0.00000000000000000000
Citrobacter_5	0.48038446141526142119
Citrobacter_2	0.00000000000000000000
Citrobacter_3	0.00000000000000000000
Citrobacter_0	0.00000000000000000000
Citrobacter_1	0.00000000000000000000
Varibaculum_0	0.32444284226152508843
Dorea_2	0.36927447293799819938
Dorea_1	0.22360679774997896385
Dorea_0	0.00000000000000000000
Paenibacillus_4	0.00000000000000000000
Paenibacillus_5	0.00000000000000000000
Paenibacillus_0	0.00000000000000000000
Paenibacillus_1	0.63245553203367588235
Paenibacillus_2	0.53033008588991059629
Paenibacillus_3	0.00000000000000000000
Vibrio_4	0.37796447300922719759
Vibrio_2	0.39223227027636808906
Vibrio_3	0.40824829046386301723
Vibrio_0	0.44721359549995792770
Vibrio_1	0.40824829046386301723
Limnobacter_0	0.46291004988627570960
Ruminococcus_9	0.00000000000000000000
Ruminococcus_8	0.32444284226152508843
Ruminococcus_3	0.00000000000000000000
Ruminococcus_2	0.38490017945975052438
Ruminococcus_1	0.25000000000000000000
Ruminococcus_0	0.33333333333333331483
Ruminococcus_7	0.30151134457776362918
Ruminococcus_6	0.22941573387056177213
Ruminococcus_5	0.00000000000000000000
Ruminococcus_4	0.00000000000000000000
Jonesia_0	0.36514837167011071628
Lactobacillus_52	0.35355339059327378637
Bifidobacterium_39	0.00000000000000000000
Bifidobacterium_38	0.00000000000000000000
Bifidobacterium_31	0.00000000000000000000
Bifidobacterium_30	0.57735026918962573106
Bifidobacterium_33	0.37796447300922719759
Bifidobacterium_32	0.30151134457776362918
Bifidobacterium_35	0.40824829046386301723
Bifidobacterium_34	0.47140452079103167815
Bifidobacterium_37	0.00000000000000000000
Bifidobacterium_36	0.28867513459481286553
Campylobacter_0	0.28867513459481286553
Salmonella_1	0.48038446141526142119
Salmonella_0	0.44721359549995792770
Salmonella_3	0.48038446141526142119
Salmonella_2	0.48038446141526142119
Salmonella_5	0.44721359549995792770
Salmonella_4	0.44721359549995792770
Salmonella_7	0.48038446141526142119
Salmonella_6	0.44721359549995792770
Xenorhabdus_1	0.43301270189221929829
Salmonella_8	0.39223227027636808906
Campylobacter_14	0.38729833462074170214
Leptolyngbya_0	0.56493268286603204320
Streptococcus_26	0.23570226039551583908
Lachnoclostridium_13	0.32444284226152508843
Acidovorax_4	0.48038446141526142119
Acidovorax_1	0.40824829046386301723
Acidovorax_0	0.39223227027636808906
Acidovorax_3	0.50000000000000000000
Acidovorax_2	0.40824829046386301723
Campylobacter_17	0.22360679774997896385
Bacteroides_28	0.28867513459481286553
Bacteroides_29	0.43301270189221929829
Campylobacter_12	0.00000000000000000000
Micrococcus_0	0.00000000000000000000
Micrococcus_1	0.51298917604257698866
Synechococcus_0	0.43301270189221929829
Gemella_3	0.43852900965351460094
Gemella_2	0.47140452079103167815
Gemella_1	0.47140452079103167815
Gemella_0	0.43643578047198472447
Bacteroides_20	0.00000000000000000000
Bacteroides_21	0.00000000000000000000
Parasutterella_0	0.30151134457776362918
Parascardovia_0	0.54006172486732173521
Campylobacter_2	0.31622776601683794118
Campylobacter_3	0.00000000000000000000
Candidatus_Azobacteroides_0	0.47140452079103167815
Campylobacter_1	0.35355339059327378637
Campylobacter_6	0.89442719099991585541
Campylobacter_7	0.54772255750516607442
Campylobacter_4	0.33333333333333331483
Campylobacter_5	0.51176631571915898178
Campylobacter_8	0.47140452079103167815
Campylobacter_9	0.48038446141526142119
Lautropia_0	0.32444284226152508843
Lysinibacillus_0	0.25819888974716109775
Lysinibacillus_1	0.25819888974716109775
Streptococcus_68	0.54006172486732173521
Streptococcus_69	0.31622776601683794118
Streptococcus_62	0.52704627669472992046
Streptococcus_63	0.44721359549995792770
Streptococcus_60	0.47140452079103167815
Streptococcus_61	0.53452248382484879308
Streptococcus_66	0.36927447293799819938
Streptococcus_67	0.39735970711951312806
Streptococcus_64	0.22941573387056177213
Streptococcus_65	0.52704627669472992046
Arcobacter_0	0.35355339059327378637
Haemophilus_4	0.54577682290981532898
Leptotrichia_1	0.53452248382484879308
Arthrobacter_0	0.50000000000000000000
Pseudoflavonifractor_0	0.00000000000000000000
Abiotrophia_0	0.36927447293799819938
Chlorobaculum_1	0.40824829046386301723
Coprococcus_3	0.00000000000000000000
Coprococcus_2	0.41702882811414954123
Coprococcus_1	0.00000000000000000000
Coprococcus_0	0.22360679774997896385
Clostridium_28	0.50000000000000000000
Clostridium_29	0.35355339059327378637
Clostridium_24	0.34299717028501769400
Clostridium_25	0.43643578047198472447
Clostridium_26	0.48795003647426660187
Clostridium_27	0.35355339059327378637
Clostridium_20	0.42008402520840293359
Clostridium_21	0.39223227027636808906
Clostridium_22	0.21821789023599236224
Clostridium_23	0.51075391845524920065
Herbaspirillum_0	0.40824829046386301723
Aneurinibacillus_0	0.00000000000000000000
Acholeplasma_0	0.52522573143889017544
Bacillus_37	0.39223227027636808906
Escherichia_50	0.39223227027636808906
Bacillus_30	0.42640143271122088464
Nocardiopsis_0	0.44721359549995792770
Rhizobium_0	0.42640143271122088464
Raoultella_0	0.30151134457776362918
Prevotella_39	0.54772255750516607442
Prevotella_38	0.51887452166277081567
Prevotella_37	0.38729833462074170214
Prevotella_36	0.00000000000000000000
Prevotella_35	0.54006172486732173521
Prevotella_34	0.36927447293799819938
Prevotella_33	0.47140452079103167815
Prevotella_32	0.48038446141526142119
Prevotella_31	0.53881590608032470247
Prevotella_30	0.43852900965351460094
Terrisporobacter_0	0.00000000000000000000
Kingella_0	0.35355339059327378637
Kluyvera_0	0.39223227027636808906
Mobiluncus_4	0.60302268915552725836
Mobiluncus_2	0.54006172486732173521
Mobiluncus_3	0.59160797830996159075
Mobiluncus_0	0.54433105395181735631
Mobiluncus_1	0.34641016151377546084
Chlorobaculum_0	0.53452248382484879308
Erysipelothrix_0	0.50000000000000000000
Rhodoferax_0	0.40824829046386301723
Pseudoalteromonas_0	0.59274897836381912342
Enterococcus_10	0.51075391845524920065
Enterococcus_11	0.48038446141526142119
Enterococcus_12	0.56407607481776622649
Enterococcus_13	0.23570226039551583908
Enterococcus_14	0.58976782461958854320
Enterococcus_15	0.52704627669472992046
Enterococcus_16	0.44721359549995792770
Enterococcus_17	0.23570226039551583908
Enterococcus_18	0.22941573387056177213
Enterococcus_19	0.23570226039551583908
Prevotella_41	0.28867513459481286553
Eubacterium_18	0.43643578047198472447
Eubacterium_19	0.00000000000000000000
Eubacterium_12	0.50000000000000000000
Fusobacterium_12	0.51639777949432219550
Eubacterium_10	0.40824829046386301723
Eubacterium_11	0.40824829046386301723
Fusobacterium_17	0.51298917604257698866
Eubacterium_17	0.52704627669472992046
Fusobacterium_15	0.44721359549995792770
Eubacterium_15	0.00000000000000000000
Shuttleworthia_0	0.42640143271122088464
Idiomarina_0	0.51298917604257698866
Thermosediminibacter_0	0.52522573143889017544
Renibacterium_0	0.42008402520840293359
Ruminiclostridium_11	0.30860669992418382490
Ruminiclostridium_10	0.00000000000000000000
Ruminiclostridium_13	0.33333333333333331483
Ruminiclostridium_12	0.00000000000000000000
Eggerthia_0	0.33968311024337871640
Sulfolobus_0	0.37796447300922719759
Shigella_3	0.50000000000000000000
Lactococcus_4	0.47673129462279617563
Lactococcus_3	0.23570226039551583908
Lactococcus_2	0.53452248382484879308
Lactococcus_1	0.44721359549995792770
Lactococcus_0	0.45883146774112354427
Silanimonas_0	0.39223227027636808906
Parabacteroides_3	0.00000000000000000000
Parabacteroides_2	0.00000000000000000000
Parabacteroides_1	0.00000000000000000000
Parabacteroides_0	0.00000000000000000000
Parabacteroides_7	0.00000000000000000000
Parabacteroides_6	0.39223227027636808906
Parabacteroides_5	0.00000000000000000000
Parabacteroides_4	0.46291004988627570960
Nitrobacter_0	0.36514837167011071628
Pelotomaculum_0	0.39735970711951312806
Oxalobacter_0	0.00000000000000000000
Oxalobacter_1	0.00000000000000000000
Streptococcus_70	0.52915026221291816544
Acetomicrobium_0	0.42640143271122088464
Acetomicrobium_1	0.00000000000000000000
Scardovia_0	0.39223227027636808906
Megamonas_1	0.00000000000000000000
Polaribacter_1	0.40824829046386301723
Polaribacter_0	0.48038446141526142119
Clostridium_39	0.40824829046386301723
Clostridium_38	0.24253562503633296910
Stenotrophomonas_0	0.62017367294604230921
Stenotrophomonas_1	0.36514837167011071628
Stenotrophomonas_2	0.51639777949432219550
Stenotrophomonas_3	0.36514837167011071628
Clostridium_33	0.48795003647426660187
Clostridium_31	0.00000000000000000000
Clostridium_30	0.27735009811261457369
Clostridium_37	0.51075391845524920065
Clostridium_36	0.00000000000000000000
Clostridium_35	0.00000000000000000000
Clostridium_34	0.48795003647426660187
Butyricicoccus_0	0.00000000000000000000
Butyricicoccus_1	0.28867513459481286553
Bacteroides_11	0.00000000000000000000
Bacteroides_10	0.00000000000000000000
Bacteroides_13	0.00000000000000000000
Bacteroides_12	0.50000000000000000000
Bacteroides_15	0.00000000000000000000
Clostridium_14	0.00000000000000000000
Bacteroides_17	0.43301270189221929829
Bacteroides_16	0.00000000000000000000
Bacteroides_19	0.00000000000000000000
Bacteroides_18	0.00000000000000000000
Aggregatibacter_2	0.44721359549995792770
Aggregatibacter_0	0.37796447300922719759
Aggregatibacter_1	0.45883146774112354427
Treponema_2	0.52522573143889017544
Treponema_1	0.50000000000000000000
Treponema_0	0.48304589153964794246
Escherichia_47	0.50000000000000000000
Escherichia_46	0.52223296786709350048
Escherichia_45	0.50000000000000000000
Escherichia_44	0.50000000000000000000
Escherichia_43	0.00000000000000000000
Escherichia_42	0.39223227027636808906
Paraprevotella_1	0.39735970711951312806
Escherichia_40	0.00000000000000000000
Escherichia_49	0.50000000000000000000
Escherichia_48	0.50000000000000000000
Streptomyces_1	0.43301270189221929829
Streptomyces_0	0.34299717028501769400
Streptomyces_3	0.26726124191242439654
Streptomyces_2	0.53452248382484879308
Kandleria_0	0.24253562503633296910
Chromobacterium_0	0.53452248382484879308
Kytococcus_0	0.38729833462074170214
Prevotella_28	0.56568542494923801378
Prevotella_29	0.56796183424706481180
Prevotella_20	0.54433105395181735631
Prevotella_21	0.54006172486732173521
Prevotella_22	0.62017367294604230921
Prevotella_23	0.57735026918962573106
Prevotella_24	0.35355339059327378637
Prevotella_25	0.51075391845524920065
Prevotella_26	0.65828058860438332101
Prevotella_27	0.56568542494923801378
Arcanobacterium_0	0.50000000000000000000
Listeria_8	0.48507125007266593819
Listeria_9	0.00000000000000000000
Laribacter_0	0.28867513459481286553
Listeria_1	0.00000000000000000000
Listeria_2	0.00000000000000000000
Listeria_3	0.00000000000000000000
Listeria_4	0.48507125007266593819
Listeria_5	0.52704627669472992046
Listeria_6	0.00000000000000000000
Listeria_7	0.50000000000000000000
Oenococcus_0	0.58976782461958854320
Corynebacterium_16	0.00000000000000000000
Corynebacterium_17	0.36115755925730758102
Corynebacterium_14	0.42008402520840293359
Corynebacterium_15	0.38729833462074170214
Corynebacterium_12	0.38729833462074170214
Corynebacterium_13	0.40824829046386301723
Corynebacterium_10	0.40824829046386301723
Corynebacterium_11	0.35355339059327378637
Enterococcus_25	0.52704627669472992046
Enterococcus_24	0.40824829046386301723
Enterococcus_27	0.60302268915552725836
Enterococcus_26	0.57735026918962573106
Enterococcus_21	0.51298917604257698866
Enterococcus_20	0.47140452079103167815
Corynebacterium_18	0.40824829046386301723
Corynebacterium_19	0.32444284226152508843
Fusobacterium_22	0.50000000000000000000
Fusobacterium_23	0.58834840541455213359
Fusobacterium_20	0.37796447300922719759
Fusobacterium_21	0.51639777949432219550
Bulleidia_0	0.45643546458763845086
Chryseobacterium_0	0.39735970711951312806
Salmonella_11	0.44721359549995792770
Salmonella_10	0.48038446141526142119
Salmonella_13	0.48038446141526142119
Brevundimonas_0	0.28867513459481286553
Salmonella_14	0.00000000000000000000
Ruminiclostridium_5	0.31622776601683794118
Ruminiclostridium_4	0.29488391230979427160
Ruminiclostridium_7	0.50917507721731558590
Ruminiclostridium_6	0.40824829046386301723
Ruminiclostridium_1	0.00000000000000000000
Ruminiclostridium_0	0.38729833462074170214
Ruminiclostridium_3	0.39735970711951312806
Pediococcus_0	0.40824829046386301723
Ruminiclostridium_9	0.38729833462074170214
Ruminiclostridium_8	0.28867513459481286553
Bifidobacterium_13	0.37796447300922719759
Bifidobacterium_12	0.32444284226152508843
Bifidobacterium_11	0.00000000000000000000
Bifidobacterium_10	0.30151134457776362918
Bifidobacterium_17	0.40824829046386301723
Bifidobacterium_16	0.00000000000000000000
Bifidobacterium_15	0.00000000000000000000
Bifidobacterium_14	0.00000000000000000000
Bifidobacterium_19	0.00000000000000000000
Bifidobacterium_18	0.33333333333333331483
Mitsuokella_0	0.36927447293799819938
Mitsuokella_1	0.00000000000000000000
Bacillus_49	0.40824829046386301723
Bacillus_48	0.39223227027636808906
Bacillus_45	0.40824829046386301723
Burkholderia_0	0.00000000000000000000
Burkholderia_3	0.52223296786709350048
Bacillus_46	0.00000000000000000000
Bacillus_41	0.40824829046386301723
Burkholderia_4	0.52223296786709350048
Bacillus_43	0.40824829046386301723
Bacillus_42	0.40824829046386301723
Brachyspira_2	0.36927447293799819938
Brachyspira_3	0.37796447300922719759
Brachyspira_0	0.37796447300922719759
Brachyspira_1	0.41702882811414954123
Pseudomonas_4	0.50000000000000000000
Finegoldia_1	0.46291004988627570960
Finegoldia_0	0.50917507721731558590
Finegoldia_2	0.53452248382484879308
Enterococcus_45	0.58976782461958854320
Micromonospora_0	0.37796447300922719759
Enterococcus_44	0.43301270189221929829
Pseudomonas_0	0.31622776601683794118
Enterococcus_42	0.46625240412015689362
Bifidobacterium_9	0.00000000000000000000
Bifidobacterium_8	0.00000000000000000000
Enterococcus_41	0.61721339984836764980
Bifidobacterium_3	0.50000000000000000000
Bifidobacterium_2	0.00000000000000000000
Bifidobacterium_1	0.00000000000000000000
Dichelobacter_0	0.56568542494923801378
Bifidobacterium_7	0.33333333333333331483
Bifidobacterium_6	0.38729833462074170214
Bifidobacterium_5	0.00000000000000000000
Bifidobacterium_4	0.00000000000000000000
Nitrosomonas_1	0.36514837167011071628
Clavibacter_0	0.43301270189221929829
Bacteroides_9	0.00000000000000000000
Bacteroides_8	0.00000000000000000000
Bacteroides_1	0.00000000000000000000
Bacteroides_0	0.00000000000000000000
Bacteroides_3	0.00000000000000000000
Bacteroides_2	0.32444284226152508843
Bacteroides_5	0.00000000000000000000
Bacteroides_4	0.42008402520840293359
Bacteroides_7	0.00000000000000000000
Bacteroides_6	0.61588176205143974062
Marvinbryantia_0	0.42640143271122088464
Marvinbryantia_1	0.00000000000000000000
Actinomyces_5	0.23570226039551583908
Actinomyces_4	0.31622776601683794118
Actinomyces_7	0.50000000000000000000
Actinomyces_6	0.33333333333333331483
Actinomyces_1	0.31622776601683794118
Actinomyces_0	0.46625240412015689362
Actinomyces_3	0.33333333333333331483
Actinomyces_2	0.48795003647426660187
Actinomyces_9	0.53452248382484879308
Actinomyces_8	0.28284271247461900689
Dialister_1	0.41702882811414954123
Dialister_0	0.39223227027636808906
Peptostreptococcus_0	0.48989794855663559847
Peptostreptococcus_1	0.35355339059327378637
Peptostreptococcus_2	0.40824829046386301723
Escherichia_32	0.52223296786709350048
Escherichia_33	0.39223227027636808906
Escherichia_30	0.37796447300922719759
Escherichia_31	0.50000000000000000000
Escherichia_36	0.52223296786709350048
Escherichia_37	0.00000000000000000000
Escherichia_34	0.50000000000000000000
Escherichia_35	0.37796447300922719759
Escherichia_38	0.50000000000000000000
Escherichia_39	0.48038446141526142119
Butyricimonas_1	0.43643578047198472447
Butyricimonas_0	0.36514837167011071628
Catonella_0	0.52915026221291816544
Lactobacillus_50	0.52915026221291816544
Lactobacillus_51	0.40824829046386301723
Sideroxydans_0	0.43301270189221929829
Lactobacillus_53	0.55470019622522914737
Lactobacillus_54	0.58834840541455213359
Lactobacillus_55	0.57735026918962573106
Lactobacillus_56	0.56568542494923801378
Lactobacillus_57	0.35355339059327378637
Lactobacillus_58	0.58976782461958854320
Lactobacillus_59	0.37796447300922719759
Lachnoclostridium_12	0.31622776601683794118
Campylobacter_15	0.25000000000000000000
Campylobacter_16	0.34641016151377546084
Lachnoclostridium_11	0.00000000000000000000
Campylobacter_10	0.00000000000000000000
Campylobacter_11	0.00000000000000000000
Lachnoclostridium_14	0.31622776601683794118
Campylobacter_13	0.43643578047198472447
Bacteroides_24	0.42008402520840293359
Bacteroides_25	0.00000000000000000000
Bacteroides_26	0.27735009811261457369
Bacteroides_27	0.56061191058138803989
Campylobacter_18	0.37796447300922719759
Campylobacter_19	0.00000000000000000000
Bacteroides_22	0.00000000000000000000
Bacteroides_23	0.00000000000000000000
Erythrobacter_0	0.34299717028501769400
Tatumella_0	0.00000000000000000000
Coprobacillus_4	0.35355339059327378637
Coprobacillus_2	0.00000000000000000000
Coprobacillus_3	0.44721359549995792770
Coprobacillus_0	0.00000000000000000000
Coprobacillus_1	0.35355339059327378637
Dysgonomonas_0	0.25000000000000000000
Methanobrevibacter_0	0.26726124191242439654
Methanobrevibacter_1	0.35355339059327378637
Flavobacterium_1	0.45485882614734202134
Flavobacterium_0	0.52223296786709350048
Hafnia_0	0.39223227027636808906
Enterococcus_38	0.61721339984836764980
Enterococcus_39	0.23570226039551583908
Enterococcus_32	0.52704627669472992046
Enterococcus_33	0.52704627669472992046
Enterococcus_30	0.31622776601683794118
Enterococcus_31	0.44721359549995792770
Enterococcus_36	0.44721359549995792770
Enterococcus_37	0.32444284226152508843
Enterococcus_34	0.23570226039551583908
Enterococcus_35	0.39735970711951312806
Yersinia_7	0.00000000000000000000
Yersinia_6	0.42640143271122088464
Yersinia_5	0.28867513459481286553
Yersinia_4	0.28867513459481286553
Yersinia_3	0.50000000000000000000
Yersinia_2	0.50000000000000000000
Yersinia_1	0.00000000000000000000
Yersinia_0	0.35355339059327378637
Yersinia_9	0.28867513459481286553
Yersinia_8	0.50000000000000000000
Eubacterium_34	0.40824829046386301723
Eubacterium_35	0.34299717028501769400
Eubacterium_36	0.42257712736425828703
Eubacterium_37	0.45643546458763845086
Eubacterium_30	0.00000000000000000000
Eubacterium_31	0.57735026918962573106
Eubacterium_32	0.44721359549995792770
Eubacterium_33	0.53452248382484879308
Eubacterium_38	0.50000000000000000000
Eubacterium_39	0.00000000000000000000
Clostridioides_0	0.00000000000000000000
Clostridioides_1	0.48795003647426660187
Clostridioides_2	0.50000000000000000000
Clostridioides_3	0.00000000000000000000
Clostridioides_4	0.44721359549995792770
Clostridioides_5	0.44721359549995792770
Clostridioides_6	0.00000000000000000000
Clostridioides_7	0.50000000000000000000
Clostridioides_8	0.44721359549995792770
Clostridioides_9	0.44721359549995792770
Staphylococcus_42	0.42008402520840293359
Streptococcus_7	0.36927447293799819938
Streptococcus_6	0.34299717028501769400
Streptococcus_5	0.43301270189221929829
Streptococcus_4	0.48038446141526142119
Streptococcus_3	0.54232614454664040959
Streptococcus_2	0.32444284226152508843
Streptococcus_1	0.52915026221291816544
Streptococcus_0	0.55277079839256670901
Thermobispora_0	0.42008402520840293359
Streptococcus_9	0.52915026221291816544
Streptococcus_8	0.50917507721731558590
Mageeibacillus_0	0.62017367294604230921
Brevibacterium_1	0.25000000000000000000
Brevibacterium_0	0.21821789023599236224
Brevibacterium_3	0.39223227027636808906
Brevibacterium_2	0.34299717028501769400
Eikenella_0	0.46291004988627570960
Desulfovibrio_11	0.50000000000000000000
Desulfovibrio_10	0.00000000000000000000
Candidatus_Stoquefichus_0	0.31622776601683794118
Granulicatella_1	0.44721359549995792770
Granulicatella_0	0.44721359549995792770
Rothia_2	0.36115755925730758102
Rothia_3	0.39735970711951312806
Rothia_0	0.45643546458763845086
Rothia_1	0.46625240412015689362
Tropheryma_0	0.40160966445124940405
Rothia_4	0.35355339059327378637
Listeria_12	0.00000000000000000000
Listeria_13	0.48038446141526142119
Listeria_10	0.00000000000000000000
Listeria_11	0.00000000000000000000
Listeria_14	0.00000000000000000000
Anaerostipes_3	0.00000000000000000000
Anaerostipes_2	0.33333333333333331483
Anaerostipes_1	0.34299717028501769400
Anaerostipes_0	0.00000000000000000000
Symbiobacterium_0	0.48507125007266593819
Dickeya_0	0.42640143271122088464
Dickeya_1	0.40824829046386301723
Desulfovibrio_9	0.39735970711951312806
Desulfovibrio_8	0.51298917604257698866
Desulfovibrio_3	0.50000000000000000000
Hungatella_0	0.29488391230979427160
Desulfovibrio_1	0.50000000000000000000
Desulfovibrio_0	0.00000000000000000000
Desulfovibrio_7	0.00000000000000000000
Desulfovibrio_6	0.32444284226152508843
Desulfovibrio_5	0.39735970711951312806
Desulfovibrio_4	0.33333333333333331483
Cellulosilyticum_0	0.23570226039551583908
Hungatella_2	0.30151134457776362918
Leptothrix_0	0.37796447300922719759
Simonsiella_0	0.45883146774112354427
Desulfomicrobium_0	0.44721359549995792770
unclassified_Bacteria_0	0.54984141476915759927
unclassified_Bacteria_1	0.59999999999999997780
Escherichia_21	0.00000000000000000000
Escherichia_20	0.52223296786709350048
Escherichia_23	0.50000000000000000000
Escherichia_22	0.39223227027636808906
Escherichia_25	0.00000000000000000000
Escherichia_24	0.40824829046386301723
Escherichia_27	0.39223227027636808906
Escherichia_26	0.00000000000000000000
Escherichia_29	0.50000000000000000000
Escherichia_28	0.40824829046386301723
Staphylococcus_11	0.37796447300922719759
Staphylococcus_10	0.25000000000000000000
Staphylococcus_13	0.35355339059327378637
Staphylococcus_12	0.35355339059327378637
Staphylococcus_15	0.25000000000000000000
Staphylococcus_14	0.34299717028501769400
Staphylococcus_17	0.35355339059327378637
Staphylococcus_16	0.51639777949432219550
Staphylococcus_19	0.42008402520840293359
Staphylococcus_18	0.00000000000000000000
Lactobacillus_43	0.52223296786709350048
Lactobacillus_42	0.44721359549995792770
Lactobacillus_41	0.54232614454664040959
Lactobacillus_40	0.48795003647426660187
Lactobacillus_47	0.43852900965351460094
Lactobacillus_46	0.43301270189221929829
Lactobacillus_45	0.42008402520840293359
Lactobacillus_44	0.44721359549995792770
Lactobacillus_49	0.38729833462074170214
Subdoligranulum_0	0.00000000000000000000
Cetobacterium_0	0.24253562503633296910
Bacteroides_39	0.00000000000000000000
Bacteroides_38	0.00000000000000000000
Bacteroides_33	0.00000000000000000000
Bacteroides_32	0.00000000000000000000
Bacteroides_31	0.00000000000000000000
Bacteroides_30	0.00000000000000000000
Bacteroides_37	0.00000000000000000000
Bacteroides_36	0.52915026221291816544
Bacteroides_35	0.00000000000000000000
Bacteroides_34	0.51298917604257698866
Nitrosospira_0	0.35355339059327378637
Mycoplasma_10	0.46770717334674266619
Psychromonas_0	0.50000000000000000000
Lawsonia_0	0.47140452079103167815
Akkermansia_0	0.26726124191242439654
unclassified_Burkholderiales_0	0.00000000000000000000
Fusobacterium_19	0.45643546458763845086
Kurthia_0	0.00000000000000000000
Fusobacterium_18	0.48507125007266593819
Fusobacterium_13	0.51639777949432219550
Eubacterium_13	0.36115755925730758102
Klebsiella_7	0.00000000000000000000
Klebsiella_6	0.46291004988627570960
Klebsiella_5	0.52223296786709350048
Klebsiella_4	0.00000000000000000000
Klebsiella_3	0.00000000000000000000
Klebsiella_2	0.52223296786709350048
Klebsiella_1	0.37796447300922719759
Klebsiella_0	0.00000000000000000000
Eubacterium_23	0.32444284226152508843
Eubacterium_22	0.40824829046386301723
Eubacterium_21	0.35355339059327378637
Eubacterium_20	0.00000000000000000000
Eubacterium_27	0.46770717334674266619
Eubacterium_26	0.00000000000000000000
Eubacterium_25	0.00000000000000000000
Eubacterium_24	0.32444284226152508843
Eubacterium_16	0.42640143271122088464
Eubacterium_29	0.00000000000000000000
Eubacterium_28	0.66143782776614767904
Fusobacterium_16	0.55167728436737051290
Methylibium_0	0.37796447300922719759
Eubacterium_14	0.00000000000000000000
Peptoniphilus_6	0.00000000000000000000
Peptoniphilus_7	0.89442719099991585541
Peptoniphilus_4	0.21821789023599236224
Exiguobacterium_0	0.27735009811261457369
Peptoniphilus_2	0.44721359549995792770
Peptoniphilus_3	0.56568542494923801378
Peptoniphilus_0	0.00000000000000000000
Peptoniphilus_1	0.00000000000000000000
Catenibacterium_0	0.00000000000000000000
Ethanoligenens_0	0.00000000000000000000
Bacillus_8	0.00000000000000000000
Bacillus_9	0.26726124191242439654
Bacillus_4	0.00000000000000000000
Bacillus_5	0.37796447300922719759
Bacillus_6	0.39223227027636808906
Zunongwangia_0	0.46291004988627570960
Bacillus_0	0.26726124191242439654
Bacillus_1	0.40824829046386301723
Bacillus_2	0.48038446141526142119
Bacillus_3	0.40824829046386301723
Eggerthella_0	0.30860669992418382490
Candidatus_Sulcia_0	0.56309250637147301166
Croceibacter_0	0.57735026918962573106
Kineococcus_0	0.46291004988627570960
Bacillus_27	0.00000000000000000000
Bacillus_26	0.40824829046386301723
Bacillus_25	0.27735009811261457369
Bacillus_24	0.00000000000000000000
Bacillus_23	0.00000000000000000000
Bacillus_22	0.40824829046386301723
Bacillus_21	0.40824829046386301723
Bacillus_20	0.00000000000000000000
Bacillus_29	0.00000000000000000000
Bacillus_28	0.40824829046386301723
Holdemanella_0	0.44721359549995792770
Eggerthella_3	0.26726124191242439654
Azoarcus_0	0.27735009811261457369
Weissella_2	0.43643578047198472447
Weissella_1	0.42008402520840293359
Weissella_0	0.40824829046386301723
Aerococcus_0	0.23570226039551583908
Desulfovibrio_2	0.45883146774112354427
Kordia_0	0.44721359549995792770
Curtobacterium_0	0.36514837167011071628
Sebaldella_0	0.36927447293799819938
Actinomyces_11	0.48989794855663559847
Actinomyces_10	0.51298917604257698866
Actinomyces_13	0.30151134457776362918
Actinomyces_12	0.52223296786709350048
unclassified_Clostridiales_0	0.00000000000000000000
unclassified_Clostridiales_1	0.00000000000000000000
unclassified_Clostridiales_2	0.40000000000000002220
Gordonibacter_1	0.43852900965351460094
Gordonibacter_0	0.00000000000000000000
Nocardia_0	0.25819888974716109775
Rhodococcus_2	0.37796447300922719759
Rhodococcus_0	0.37796447300922719759
Rhodococcus_1	0.35355339059327378637
Escherichia_18	0.44721359549995792770
Escherichia_19	0.00000000000000000000
Escherichia_14	0.39223227027636808906
Escherichia_15	0.50000000000000000000
Escherichia_16	0.50000000000000000000
Paraburkholderia_0	0.30151134457776362918
Escherichia_10	0.50000000000000000000
Escherichia_11	0.44721359549995792770
Escherichia_12	0.00000000000000000000
Escherichia_13	0.40824829046386301723
Desulfotomaculum_0	0.31622776601683794118
Paenarthrobacter_0	0.53452248382484879308
Prevotella_8	0.00000000000000000000
Prevotella_1	0.53033008588991059629
Prevotella_0	0.55277079839256670901
Prevotella_3	0.57735026918962573106
Prevotella_2	0.34299717028501769400
Prevotella_5	0.36927447293799819938
Prevotella_4	0.62678317052800869291
Prevotella_7	0.53452248382484879308
Prevotella_6	0.31622776601683794118
Cutibacterium_3	0.51298917604257698866
Cutibacterium_2	0.00000000000000000000
Cutibacterium_1	0.33333333333333331483
Cutibacterium_0	0.51298917604257698866
Cutibacterium_6	0.47673129462279617563
Cutibacterium_5	0.36927447293799819938
Cutibacterium_4	0.50000000000000000000
Lactobacillus_76	0.55901699437494745126
Lactobacillus_77	0.54006172486732173521
Lactobacillus_74	0.42008402520840293359
Lactobacillus_75	0.40824829046386301723
Lactobacillus_72	0.55470019622522914737
Lactobacillus_73	0.54006172486732173521
Lactobacillus_70	0.43301270189221929829
Lactobacillus_71	0.46291004988627570960
Roseburia_0	0.32444284226152508843
Roseburia_1	0.00000000000000000000
Roseburia_2	0.00000000000000000000
Roseburia_3	0.35355339059327378637
Grimontia_0	0.27735009811261457369
Aeromonas_1	0.00000000000000000000
Aeromonas_0	0.40824829046386301723
Aeromonas_3	0.40824829046386301723
Aeromonas_2	0.40824829046386301723
Alcaligenes_0	0.00000000000000000000
Aeromonas_4	0.40824829046386301723
Mycoplasma_3	0.45485882614734202134
Mycoplasma_2	0.49130368444051747412
Mycoplasma_1	0.49236596391733095102
Mycoplasma_0	0.56879645899452102586
Mycoplasma_7	0.52223296786709350048
Mycoplasma_6	0.54006172486732173521
Mycoplasma_5	0.47519096331149146550
Mycoplasma_4	0.54772255750516607442
Mycoplasma_9	0.49236596391733095102
Mycoplasma_8	0.47140452079103167815
Verminephrobacter_0	0.36514837167011071628
Cronobacter_0	0.00000000000000000000
Cronobacter_1	0.44721359549995792770
Saccharomonospora_0	0.25819888974716109775
Corynebacterium_24	0.34299717028501769400
Bradyrhizobium_2	0.53452248382484879308
Corynebacterium_22	0.40824829046386301723
Bradyrhizobium_0	0.51639777949432219550
Corynebacterium_20	0.33333333333333331483
Alloprevotella_0	0.62360956446232351791
Nocardioides_0	0.50000000000000000000
Aeromicrobium_0	0.53452248382484879308
Polaromonas_1	0.43301270189221929829
Polaromonas_0	0.28867513459481286553
Cyanothece_0	0.44721359549995792770
Fusobacterium_11	0.53452248382484879308
Mycobacterium_4	0.35355339059327378637
Mycobacterium_0	0.46291004988627570960
Mycobacterium_1	0.00000000000000000000
Mycobacterium_2	0.48038446141526142119
Mycobacterium_3	0.39223227027636808906
Bifidobacterium_48	0.30151134457776362918
Arthrobacter_1	0.42640143271122088464
Bifidobacterium_40	0.00000000000000000000
Bifidobacterium_41	0.30151134457776362918
Bifidobacterium_42	0.00000000000000000000
Bifidobacterium_43	0.30151134457776362918
Bifidobacterium_44	0.00000000000000000000
Bifidobacterium_45	0.33333333333333331483
Bifidobacterium_46	0.21320071635561044232
Bifidobacterium_47	0.00000000000000000000
Bacillus_34	0.40824829046386301723
Bacillus_35	0.40824829046386301723
Bacillus_36	0.26726124191242439654
Thermomonospora_0	0.42008402520840293359
Fusobacterium_10	0.46291004988627570960
Bacillus_31	0.40824829046386301723
Bacillus_32	0.40824829046386301723
Bacillus_33	0.50000000000000000000
Bacillus_38	0.42640143271122088464
Bacillus_39	0.42640143271122088464
Enterococcus_40	0.52704627669472992046
Staphylococcus_45	0.35355339059327378637
Filifactor_0	0.44721359549995792770
Lachnoclostridium_10	0.41702882811414954123
Fusobacterium_14	0.51298917604257698866
Geodermatophilus_0	0.37796447300922719759
Gardnerella_3	0.56568542494923801378
Gardnerella_2	0.56195148694901631004
Alkalilimnicola_0	0.34299717028501769400
Gordonia_2	0.26726124191242439654
Gordonia_3	0.35355339059327378637
Gordonia_0	0.25819888974716109775
Gordonia_1	0.28867513459481286553
Sulfurihydrogenibium_1	0.39223227027636808906
Sulfurihydrogenibium_0	0.41522739926869983718
Algoriphagus_0	0.35355339059327378637
Staphylococcus_37	0.34299717028501769400
Staphylococcus_36	0.36514837167011071628
Staphylococcus_35	0.34299717028501769400
Staphylococcus_34	0.35355339059327378637
Staphylococcus_33	0.24253562503633296910
Staphylococcus_32	0.35355339059327378637
Staphylococcus_31	0.25819888974716109775
Staphylococcus_30	0.25819888974716109775
Staphylococcus_39	0.35355339059327378637
Staphylococcus_38	0.26726124191242439654
Methanosphaera_0	0.27216552697590867815
Erwinia_3	0.46291004988627570960
Erwinia_2	0.44721359549995792770
Erwinia_1	0.42640143271122088464
Erwinia_0	0.50000000000000000000
Erwinia_4	0.44721359549995792770
Lactobacillus_69	0.46625240412015689362
Lactobacillus_68	0.40824829046386301723
Sutterella_2	0.45643546458763845086
Bacteroides_48	0.00000000000000000000
Sutterella_0	0.40000000000000002220
Sutterella_1	0.39223227027636808906
Lactobacillus_61	0.58834840541455213359
Lactobacillus_60	0.48795003647426660187
Lactobacillus_63	0.40824829046386301723
Lactobacillus_62	0.00000000000000000000
Lactobacillus_65	0.60553007081949827839
Lactobacillus_64	0.52223296786709350048
Lactobacillus_67	0.54772255750516607442
Lactobacillus_66	0.22941573387056177213
Campylobacter_25	0.25000000000000000000
Campylobacter_24	0.00000000000000000000
Campylobacter_21	0.24253562503633296910
Campylobacter_20	0.24253562503633296910
Campylobacter_23	0.40000000000000002220
Campylobacter_22	0.40824829046386301723
Kribbella_0	0.45883146774112354427
Adlercreutzia_0	0.35355339059327378637
Xylanimonas_0	0.40824829046386301723
Succinivibrio_0	0.36115755925730758102
Sphingomonas_1	0.46291004988627570960
Sphingomonas_0	0.44721359549995792770
Gardnerella_1	0.51887452166277081567
Gardnerella_0	0.51887452166277081567
Megamonas_0	0.00000000000000000000
Subdoligranulum_1	0.48989794855663559847
